COUNTRY,ISO3,WHO_REGION,DATA_SOURCE,DATE_UPDATED,TOTAL_VACCINATIONS,PERSONS_VACCINATED_1PLUS_DOSE,TOTAL_VACCINATIONS_PER100,PERSONS_VACCINATED_1PLUS_DOSE_PER100,PERSONS_FULLY_VACCINATED,PERSONS_FULLY_VACCINATED_PER100,VACCINES_USED,FIRST_VACCINE_DATE,NUMBER_VACCINES_TYPES_USED,PERSONS_BOOSTER_ADD_DOSE,PERSONS_BOOSTER_ADD_DOSE_PER100
Afghanistan,AFG,EMRO,REPORTING,2022-04-04,5872684,5188057,15.086,13.327,4532577,11.643,"Beijing CNBG - BBIBP-CorV,Janssen - Ad26.COV 2-S,Pfizer BioNTech - Comirnaty,SII - Covishield",2021-02-22,4,,
Albania,ALB,EURO,REPORTING,2022-04-03,2801184,1303431,97.3,45.799,1226522,43.097,"AstraZeneca - Vaxzevria,Gamaleya - Gam-Covid-Vac,Pfizer BioNTech - Comirnaty,SII - Covishield,Sinovac - CoronaVac",2021-01-13,5,271231,9.53
Algeria,DZA,AFRO,REPORTING,2022-03-09,13704895,7461932,31.253,17.017,6110712,13.935,"Beijing CNBG - BBIBP-CorV,Gamaleya - Gam-Covid-Vac,SII - Covishield,Sinovac - CoronaVac",2021-01-30,4,490676,1.119
American Samoa,ASM,WPRO,REPORTING,2022-03-17,97346,43637,176.361,79.057,39137,70.904,"Janssen - Ad26.COV 2-S,Moderna - Spikevax,Pfizer BioNTech - Comirnaty",2020-12-21,3,15135,27.42
Andorra,AND,EURO,REPORTING,2022-03-27,152187,57835,197,75.922,53389,70.085,"AstraZeneca - Vaxzevria,Moderna - Spikevax,Pfizer BioNTech - Comirnaty",2021-01-20,3,40963,53.773
Angola,AGO,AFRO,REPORTING,2022-03-25,17535411,11235059,53.354,34.184,5993792,18.237,SII - Covishield,2021-03-10,1,306560,0.933
Anguilla,AIA,AMRO,REPORTING,2022-04-01,22714,10572,151.406,70.471,9624,64.151,"AstraZeneca - Vaxzevria,Pfizer BioNTech - Comirnaty",2021-02-05,2,2518,16.784
Antigua and Barbuda,ATG,AMRO,REPORTING,2022-04-01,135443,63918,138.307,65.27,61687,62.992,"AstraZeneca - Vaxzevria,Beijing CNBG - BBIBP-CorV,Gamaleya - Gam-Covid-Vac,Janssen - Ad26.COV 2-S,Pfizer BioNTech - Comirnaty,SII - Covishield",2021-03-01,6,9838,10.046
Argentina,ARG,AMRO,REPORTING,2022-04-01,96708705,40920561,213.977,90.541,36966697,81.792,"AstraZeneca - Vaxzevria,Beijing CNBG - BBIBP-CorV,CanSino - Convidecia,Gamaleya - Gam-Covid-Vac,Moderna - Spikevax,Pfizer BioNTech - Comirnaty,SII - Covishield",2020-12-29,7,19126646,42.32
Armenia,ARM,EURO,REPORTING,2022-04-03,2141957,1128072,72.3,38.069,980101,33.075,"AstraZeneca - Vaxzevria,Beijing CNBG - BBIBP-CorV,Gamaleya - Gam-Covid-Vac,Moderna - Spikevax,Pfizer BioNTech - Comirnaty,Sinovac - CoronaVac,Wuhan CNBG - Inactivated",2021-06-16,7,39849,1.345
Aruba,ABW,AMRO,REPORTING,2022-04-01,169341,87919,158.609,82.347,81422,76.262,"Janssen - Ad26.COV 2-S,Pfizer BioNTech - Comirnaty",2021-02-17,2,,
Australia,AUS,WPRO,REPORTING,2022-04-02,56587064,22216890,221.911,87.125,21280501,83.453,"AstraZeneca - Vaxzevria,Janssen - Ad26.COV 2-S,Moderna - Spikevax,Novavax-NUVAXOVID,Pfizer BioNTech - Comirnaty",2021-02-21,5,12964119,50.84
Austria,AUT,EURO,REPORTING,2022-04-03,18169317,6816262,204.1,76.578,6595768,74.101,"AstraZeneca - Vaxzevria,Janssen - Ad26.COV 2-S,Moderna - Spikevax,Pfizer BioNTech - Comirnaty",2020-12-30,4,5107858,57.385
Azerbaijan,AZE,EURO,REPORTING,2022-04-03,13363672,5351622,131.8,52.782,4832835,47.665,"AstraZeneca - Vaxzevria,Gamaleya - Gam-Covid-Vac,Pfizer BioNTech - Comirnaty,Sinovac - CoronaVac",2021-01-20,4,3179217,31.356
Bahamas,BHS,AMRO,REPORTING,2022-04-01,335729,165385,85.374,42.057,156615,39.826,"AstraZeneca - Vaxzevria,Janssen - Ad26.COV 2-S,Pfizer BioNTech - Comirnaty,SII - Covishield",2021-03-14,4,25164,6.399
Bahrain,BHR,EMRO,REPORTING,2022-04-03,3426136,1233412,201.351,72.486,1217102,71.528,"AstraZeneca - Vaxzevria,Beijing CNBG - BBIBP-CorV,Gamaleya - Gam-Covid-Vac,Gamaleya - Sputnik-Light,Janssen - Ad26.COV 2-S,Moderna - Spikevax,Pfizer BioNTech - Comirnaty,SII - Covishield",2020-11-04,8,975622,57.336
Bangladesh,BGD,SEARO,REPORTING,2022-04-05,252731398,128105760,153.459,77.786,114435222,69.485,"AstraZeneca - Vaxzevria,Beijing CNBG - BBIBP-CorV,Gamaleya - Gam-Covid-Vac,Janssen - Ad26.COV 2-S,Moderna - Spikevax,Pfizer BioNTech - Comirnaty,SII - Covishield,Sinovac - CoronaVac",2021-01-27,8,10190416,6.188
Barbados,BRB,AMRO,REPORTING,2022-04-01,360322,161114,125.384,56.064,151139,52.593,"AstraZeneca - Vaxzevria,Beijing CNBG - BBIBP-CorV,Janssen - Ad26.COV 2-S,Pfizer BioNTech - Comirnaty,SII - Covishield",2021-01-08,5,48069,16.727
Belarus,BLR,EURO,REPORTING,2022-04-03,11778178,5947876,124.6,62.945,5501250,58.218,"Beijing CNBG - BBIBP-CorV,Gamaleya - Gam-Covid-Vac",2021-02-03,2,596467,6.312
Belgium,BEL,EURO,REPORTING,2022-04-03,25255077,9223822,219.2,80.051,9124590,79.19,"AstraZeneca - Vaxzevria,Janssen - Ad26.COV 2-S,Moderna - Spikevax,Pfizer BioNTech - Comirnaty",2020-12-30,4,7109360,61.7
Belize,BLZ,AMRO,REPORTING,2022-04-01,468692,236326,117.872,59.434,209571,52.705,"AstraZeneca - Vaxzevria,Beijing CNBG - BBIBP-CorV,Janssen - Ad26.COV 2-S,Pfizer BioNTech - Comirnaty,SII - Covishield",2021-03-01,5,43592,10.963
Benin,BEN,AFRO,REPORTING,2022-03-22,3333450,2955274,27.496,24.377,2430934,20.052,"AstraZeneca - Vaxzevria,Janssen - Ad26.COV 2-S,Pfizer BioNTech - Comirnaty,SII - Covishield,Sinovac - CoronaVac",2021-03-29,5,,
Bermuda,BMU,AMRO,REPORTING,2022-04-01,128243,48297,205.937,77.557,47015,75.498,"AstraZeneca - Vaxzevria,Pfizer BioNTech - Comirnaty",2021-01-11,2,32409,52.043
Bhutan,BTN,SEARO,REPORTING,2022-04-03,1804259,689748,233.831,89.391,582523,75.495,"AstraZeneca - Vaxzevria,Beijing CNBG - BBIBP-CorV,Moderna - Spikevax,Pfizer BioNTech - Comirnaty,SII - Covishield",2021-03-27,5,531988,68.945
Bolivia (Plurinational State of),BOL,AMRO,REPORTING,2022-04-01,13157852,7095280,112.72,60.784,5803865,49.72,"Beijing CNBG - BBIBP-CorV,Gamaleya - Gam-Covid-Vac,Janssen - Ad26.COV 2-S,Moderna - Spikevax,Pfizer BioNTech - Comirnaty,SII - Covishield",2021-01-30,6,1213361,10.395
Bonaire,XAA,AMRO,REPORTING,2022-04-01,33217,17467,158.819,83.514,15750,75.305,,,,,
"Bonaire, Sint Eustatius and Saba",BES,AMRO,REPORTING,2021-04-09,7391,5726,28.441,22.034,2965,11.41,"Moderna - Spikevax,Pfizer BioNTech - Comirnaty",2021-02-22,2,,
Bosnia and Herzegovina,BIH,EURO,REPORTING,2022-01-29,1924950,943394,58.7,28.755,846080,25.789,"AstraZeneca - AZD1222, Pfizer BioNTech - Comirnaty, Sinovac - CoronaVac, Gamaleya - Sputnik V",,4,,
Botswana,BWA,AFRO,REPORTING,2022-03-21,2517260,1454775,107.043,61.862,1292541,54.964,"Bharat - Covaxin,Janssen - Ad26.COV 2-S,Moderna - Spikevax,Pfizer BioNTech - Comirnaty,SII - Covishield,Sinovac - CoronaVac",2021-03-26,6,243897,10.371
Brazil,BRA,AMRO,REPORTING,2022-04-01,399149461,177445267,187.783,83.48,155743151,73.27,"AstraZeneca - Vaxzevria,Janssen - Ad26.COV 2-S,Pfizer BioNTech - Comirnaty,SII - Covishield,Sinovac - CoronaVac",2021-01-17,5,70752842,33.286
British Virgin Islands,VGB,AMRO,REPORTING,2022-04-01,40537,19165,134.064,63.383,17646,58.359,"AstraZeneca - Vaxzevria,Janssen - Ad26.COV 2-S",2021-02-11,2,3726,12.323
Brunei Darussalam,BRN,WPRO,REPORTING,2022-04-01,1078490,408162,246.524,93.299,405286,92.641,"AstraZeneca - Vaxzevria,Beijing CNBG - BBIBP-CorV,Janssen - Ad26.COV 2-S,Moderna - Spikevax,Pfizer BioNTech - Comirnaty",2021-04-03,5,265042,60.584
Bulgaria,BGR,EURO,REPORTING,2022-04-03,4354683,2083638,62.6,29.974,2052813,29.531,"AstraZeneca - Vaxzevria,Janssen - Ad26.COV 2-S,Moderna - Spikevax,Pfizer BioNTech - Comirnaty",2020-12-30,4,721627,10.381
Burkina Faso,BFA,AFRO,REPORTING,2022-03-20,2369487,2131880,11.335,10.199,1188545,5.686,"Beijing CNBG - BBIBP-CorV,Janssen - Ad26.COV 2-S,SII - Covishield",2021-06-02,3,,
Burundi,BDI,AFRO,REPORTING,2022-03-29,12464,10372,0.105,0.087,9906,0.083,Beijing CNBG - BBIBP-CorV,2021-10-18,1,,
Cabo Verde,CPV,AFRO,REPORTING,2022-03-26,728077,354533,130.952,63.766,306782,55.178,"Beijing CNBG - BBIBP-CorV,Moderna - Spikevax,Pfizer BioNTech - Comirnaty,SII - Covishield",2021-03-18,4,66762,12.008
Cambodia,KHM,WPRO,REPORTING,2022-04-01,36974458,14829078,221.153,88.696,14042459,83.991,"AstraZeneca - Vaxzevria,Beijing CNBG - BBIBP-CorV,Janssen - Ad26.COV 2-S,Moderna - Spikevax,Pfizer BioNTech - Comirnaty,SII - Covishield,Sinovac - CoronaVac",2021-02-10,7,7972533,47.686
Cameroon,CMR,AFRO,REPORTING,2022-03-21,1558668,1348787,5.872,5.081,1048664,3.95,"Beijing CNBG - BBIBP-CorV,Janssen - Ad26.COV 2-S,Pfizer BioNTech - Comirnaty,SII - Covishield",2021-04-12,4,29565,0.111
Canada,CAN,AMRO,REPORTING,2022-04-01,81274899,32451069,215.343,85.981,31004341,82.148,"AstraZeneca - Vaxzevria,Janssen - Ad26.COV 2-S,Moderna - Spikevax,Pfizer BioNTech - Comirnaty,SII - Covishield",2020-12-14,5,17819489,47.214
Cayman Islands,CYM,AMRO,REPORTING,2022-04-01,141400,60484,215.155,92.033,58456,88.947,Pfizer BioNTech - Comirnaty,2021-01-15,1,22460,34.175
Central African Republic,CAF,AFRO,REPORTING,2022-03-25,1012846,923553,20.971,19.122,897945,18.592,"Bharat - Covaxin,SII - Covishield",2021-03-19,2,,
Chad,TCD,AFRO,REPORTING,2022-03-29,1014743,884691,6.178,5.386,755755,4.601,Beijing CNBG - BBIBP-CorV,2021-06-04,1,,
Chile,CHL,AMRO,REPORTING,2022-04-01,50727796,17875155,265.365,93.508,17382440,90.93,"AstraZeneca - Vaxzevria,CanSino - Convidecia,Pfizer BioNTech - Comirnaty,Sinovac - CoronaVac",2020-12-21,4,13601573,71.152
China,CHN,WPRO,REPORTING,2022-04-02,3293262316,1280557640,223.835,87.037,1245887430,84.68,"Anhui ZL - Zifivax,Beijing CNBG - BBIBP-CorV,CanSino - Convidecia,IMB - Covidful,Pfizer BioNTech - Comirnaty,Shenzhen - LV-SMENP-DC,Sinovac - CoronaVac,Wuhan CNBG - Inactivated",2020-07-22,8,647650945,44.019
Colombia,COL,AMRO,REPORTING,2022-04-01,80744778,41966456,158.687,82.477,34789381,68.371,"AstraZeneca - Vaxzevria,Janssen - Ad26.COV 2-S,Moderna - Spikevax,Pfizer BioNTech - Comirnaty,Sinovac - CoronaVac",2021-02-17,5,10323806,20.289
Comoros,COM,AFRO,REPORTING,2022-03-21,637961,341102,73.362,39.225,301218,34.639,"Beijing CNBG - BBIBP-CorV,Bharat - Covaxin,SII - Covishield",2021-04-10,3,,
Congo,COG,AFRO,REPORTING,2022-03-23,818931,681597,14.841,12.352,640464,11.607,"Beijing CNBG - BBIBP-CorV,Gamaleya - Gam-Covid-Vac,Moderna - Spikevax,SII - Covishield",2021-03-23,4,,
Cook Islands,COK,WPRO,REPORTING,2022-03-29,39686,15094,225.951,85.937,14676,83.557,Pfizer BioNTech - Comirnaty,2021-05-17,1,9916,56.456
Costa Rica,CRI,AMRO,REPORTING,2022-04-01,10166273,4336171,199.569,85.121,3971404,77.961,"AstraZeneca - Vaxzevria,Moderna - Spikevax,Pfizer BioNTech - Comirnaty",2020-12-24,3,1858698,36.487
Côte d’Ivoire,CIV,AFRO,REPORTING,2022-03-27,10364488,7111845,39.292,26.961,4599452,17.437,"Beijing CNBG - BBIBP-CorV,Gamaleya - Gam-Covid-Vac,Janssen - Ad26.COV 2-S,Pfizer BioNTech - Comirnaty,SII - Covishield",2021-03-01,5,,
Croatia,HRV,EURO,REPORTING,2022-04-03,5227373,2309777,128.8,56.95,2234646,55.065,"AstraZeneca - Vaxzevria,Janssen - Ad26.COV 2-S,Moderna - Spikevax,Pfizer BioNTech - Comirnaty",2020-12-23,4,879857,21.681
Cuba,CUB,AMRO,REPORTING,2022-04-01,35382573,10634257,312.384,93.887,9914202,87.53,"CIGB - CIGB-66,Finlay - Soberana Plus,Finlay - Soberana-02",,3,6282170,55.464
Curaçao,CUW,AMRO,REPORTING,2022-04-01,246731,107571,150.36,65.555,98512,60.034,"AstraZeneca - Vaxzevria,Moderna - Spikevax,Pfizer BioNTech - Comirnaty",2021-02-24,3,40648,24.771
Cyprus,CYP,EURO,REPORTING,2022-04-03,1748478,661496,196.9,74.492,657672,74.062,"AstraZeneca - Vaxzevria,Janssen - Ad26.COV 2-S,Moderna - Spikevax,Pfizer BioNTech - Comirnaty",2020-12-23,4,451998,50.9
Czechia,CZE,EURO,REPORTING,2022-04-03,17498240,6947401,163.6,64.966,6855332,64.105,"AstraZeneca - Vaxzevria,Janssen - Ad26.COV 2-S,Moderna - Spikevax,Pfizer BioNTech - Comirnaty",2020-12-23,4,4105063,38.387
Democratic Republic of the Congo,COD,AFRO,REPORTING,2022-03-24,964948,853971,1.077,0.954,519397,0.58,SII - Covishield,2021-04-19,1,,
Denmark,DNK,EURO,REPORTING,2022-04-03,13196164,4837038,226.6,83.071,4788244,82.233,"AstraZeneca - Vaxzevria,Janssen - Ad26.COV 2-S,Moderna - Spikevax,Pfizer BioNTech - Comirnaty",2020-12-16,4,3617777,62.132
Djibouti,DJI,EMRO,REPORTING,2022-04-03,170319,149789,17.239,15.161,109762,11.11,"Beijing CNBG - BBIBP-CorV,Gamaleya - Gam-Covid-Vac,Janssen - Ad26.COV 2-S,Pfizer BioNTech - Comirnaty,SII - Covishield,Sinovac - CoronaVac",2021-03-15,6,,
Dominica,DMA,AMRO,REPORTING,2022-04-01,66135,32481,91.866,45.118,30008,41.683,"AstraZeneca - Vaxzevria,Beijing CNBG - BBIBP-CorV,Pfizer BioNTech - Comirnaty,SII - Covishield",2021-02-12,4,3646,5.065
Dominican Republic,DOM,AMRO,REPORTING,2022-04-01,15420479,7189174,142.152,66.272,5931996,54.683,"AstraZeneca - Vaxzevria,SII - Covishield,Sinovac - CoronaVac",2021-02-16,3,2299309,21.196
Ecuador,ECU,AMRO,REPORTING,2022-04-01,33266348,14842117,188.552,84.124,13724003,77.787,"AstraZeneca - Vaxzevria,CanSino - Convidecia,Pfizer BioNTech - Comirnaty,Sinovac - CoronaVac",2021-01-20,4,5255411,29.787
Egypt,EGY,EMRO,REPORTING,2022-03-27,77978885,45120240,76.2,44.091,32207635,31.473,"AstraZeneca - Vaxzevria,Beijing CNBG - BBIBP-CorV,Gamaleya - Gam-Covid-Vac,Janssen - Ad26.COV 2-S,Pfizer BioNTech - Comirnaty,Sinovac - CoronaVac",2021-01-24,6,1982127,1.937
El Salvador,SLV,AMRO,REPORTING,2022-04-01,10406656,4566851,160.443,70.409,4288368,66.115,"AstraZeneca - Vaxzevria,Beijing CNBG - BBIBP-CorV,Moderna - Spikevax,Pfizer BioNTech - Comirnaty,SII - Covishield,Sinovac - CoronaVac",2021-02-17,6,1492939,23.017
Equatorial Guinea,GNQ,AFRO,REPORTING,2022-03-24,467504,259685,33.322,18.509,207819,14.813,"Beijing CNBG - BBIBP-CorV,Sinovac - CoronaVac",2021-02-12,2,,
Estonia,EST,EURO,REPORTING,2022-04-03,2056695,840360,154.8,63.234,835428,62.863,"AstraZeneca - Vaxzevria,Janssen - Ad26.COV 2-S,Moderna - Spikevax,Pfizer BioNTech - Comirnaty",2020-12-23,4,445620,33.531
Eswatini,SWZ,AFRO,REPORTING,2022-03-20,509424,387509,43.91,33.401,318360,27.441,"Janssen - Ad26.COV 2-S,Pfizer BioNTech - Comirnaty,SII - Covishield",2021-03-19,3,66331,5.717
Ethiopia,ETH,AFRO,REPORTING,2022-03-27,29373478,24486746,25.55,21.3,20958931,18.231,"Beijing CNBG - BBIBP-CorV,Bharat - Covaxin,Janssen - Ad26.COV 2-S,SII - Covishield",2021-03-13,4,343954,0.299
Falkland Islands (Malvinas),FLK,AMRO,OWID,2021-04-14,4407,2632,126.529,75.567,1775,50.962,AstraZeneca - AZD1222,,1,,
Faroe Islands,FRO,EURO,OWID,2022-02-18,103894,41715,212.614,85.368,40895,83.69,"Moderna - mRNA-1273, Pfizer BioNTech - Comirnaty",,2,21284,43.557
Fiji,FJI,WPRO,REPORTING,2022-04-01,1428275,682439,159.327,76.127,628308,70.089,"AstraZeneca - Vaxzevria,Moderna - Spikevax,SII - Covishield",2021-03-07,3,117528,13.11
Finland,FIN,EURO,REPORTING,2022-04-03,11725983,4523400,212.2,81.867,4323520,78.25,"AstraZeneca - Vaxzevria,Janssen - Ad26.COV 2-S,Moderna - Spikevax,Pfizer BioNTech - Comirnaty",2020-12-23,4,2879063,52.107
France,FRA,EURO,REPORTING,2022-04-03,155184328,54800297,230.5,81.402,53957873,80.151,"AstraZeneca - Vaxzevria,Janssen - Ad26.COV 2-S,Moderna - Spikevax,Pfizer BioNTech - Comirnaty",2020-12-30,4,47494419,70.55
French Guiana,GUF,AMRO,REPORTING,2022-04-01,224543,96951,75.178,32.46,87627,29.338,"Moderna - Spikevax,Pfizer BioNTech - Comirnaty",2021-01-13,2,39965,13.38
French Polynesia,PYF,WPRO,REPORTING,2022-03-23,,186128,,66.259,,,"Janssen - Ad26.COV 2-S,Pfizer BioNTech - Comirnaty",2021-01-18,2,,
Gabon,GAB,AFRO,REPORTING,2022-03-24,550042,298245,24.713,13.4,251797,11.313,"Beijing CNBG - BBIBP-CorV,Gamaleya - Gam-Covid-Vac,Pfizer BioNTech - Comirnaty",2021-03-23,3,,
Gambia,GMB,AFRO,REPORTING,2022-03-20,363353,331266,15.035,13.708,318161,13.165,"Beijing CNBG - BBIBP-CorV,SII - Covishield",2021-03-10,2,,
Georgia,GEO,EURO,REPORTING,2022-04-03,2651941,1273400,66.5,31.921,1156228,28.984,"AstraZeneca - Vaxzevria,Beijing CNBG - BBIBP-CorV,Pfizer BioNTech - Comirnaty,Sinovac - CoronaVac",2021-03-17,4,222313,5.573
Germany,DEU,EURO,REPORTING,2022-04-03,172152177,63689168,207,76.58,63189446,75.979,"AstraZeneca - Vaxzevria,Janssen - Ad26.COV 2-S,Moderna - Spikevax,Pfizer BioNTech - Comirnaty",2020-12-23,4,48883426,58.778
Ghana,GHA,AFRO,REPORTING,2022-03-29,13047826,8999937,41.991,28.964,5070306,16.317,"Gamaleya - Gam-Covid-Vac,SII - Covishield",2021-03-02,2,158605,0.51
Gibraltar,GIB,EURO,OWID,2022-03-31,117937,42042,350.055,124.787,41310,122.614,"AstraZeneca - AZD1222, Pfizer BioNTech - Comirnaty",,2,34585,102.654
Greece,GRC,EURO,REPORTING,2022-04-03,20649033,7884643,192.6,73.561,7681026,71.661,"AstraZeneca - Vaxzevria,Janssen - Ad26.COV 2-S,Moderna - Spikevax,Pfizer BioNTech - Comirnaty",2020-12-23,4,5660677,52.812
Greenland,GRL,EURO,OWID,2022-03-07,79745,41243,140.465,72.647,38502,67.819,Moderna - mRNA-1273,,1,,
Grenada,GRD,AMRO,REPORTING,2022-04-01,87284,43313,77.57,38.493,37975,33.749,"AstraZeneca - Vaxzevria,Janssen - Ad26.COV 2-S,Pfizer BioNTech - Comirnaty,SII - Covishield",2021-02-15,4,5996,5.329
Guadeloupe,GLP,AMRO,REPORTING,2022-04-01,369518,147474,92.351,36.857,141459,35.354,"AstraZeneca - Vaxzevria,Janssen - Ad26.COV 2-S,Moderna - Spikevax,Pfizer BioNTech - Comirnaty",2021-01-08,6,80585,20.14
Guam,GUM,WPRO,REPORTING,2022-03-17,334957,152229,198.464,90.196,137851,81.677,"Janssen - Ad26.COV 2-S,Moderna - Spikevax,Pfizer BioNTech - Comirnaty",2021-01-04,3,56737,33.617
Guatemala,GTM,AMRO,REPORTING,2022-04-01,16257175,7846818,90.743,43.799,6000048,33.491,"AstraZeneca - Vaxzevria,Gamaleya - Gam-Covid-Vac,Moderna - Spikevax,Pfizer BioNTech - Comirnaty,SII - Covishield",2021-02-25,5,2410309,13.454
Guernsey,GGY,EURO,OWID,2022-03-23,150724,,233.797,,,,"Moderna - mRNA-1273, AstraZeneca - AZD1222, Pfizer BioNTech - Comirnaty",,3,,
Guinea,GIN,AFRO,REPORTING,2022-03-21,5952680,3472605,45.327,26.442,2480075,18.885,"Beijing CNBG - BBIBP-CorV,Gamaleya - Gam-Covid-Vac,Janssen - Ad26.COV 2-S,Pfizer BioNTech - Comirnaty,SII - Covishield,Sinovac - CoronaVac",2021-03-05,6,,
Guinea-Bissau,GNB,AFRO,REPORTING,2022-03-26,562620,519455,28.588,26.395,341495,17.352,"Beijing CNBG - BBIBP-CorV,SII - Covishield",2021-04-02,2,147,0.007
Guyana,GUY,AMRO,REPORTING,2022-04-01,892239,472424,113.437,60.063,361683,45.983,"AstraZeneca - Vaxzevria,Beijing CNBG - BBIBP-CorV,Gamaleya - Gam-Covid-Vac,Moderna - Spikevax,Pfizer BioNTech - Comirnaty,SII - Covishield",2021-02-11,6,58132,7.391
Haiti,HTI,AMRO,REPORTING,2022-04-01,255217,167574,2.238,1.47,115097,1.009,"Janssen - Ad26.COV 2-S,Moderna - Spikevax",,2,,
Honduras,HND,AMRO,REPORTING,2022-04-01,11916503,5256180,120.313,53.068,4583075,46.272,"AstraZeneca - Vaxzevria,Gamaleya - Gam-Covid-Vac,Janssen - Ad26.COV 2-S,Moderna - Spikevax,Pfizer BioNTech - Comirnaty,SII - Covishield",2021-02-22,6,2077623,20.976
Hungary,HUN,EURO,REPORTING,2022-04-03,16324998,6339767,167.1,64.893,6132534,62.772,"AstraZeneca - Vaxzevria,Beijing CNBG - BBIBP-CorV,Gamaleya - Gam-Covid-Vac,Janssen - Ad26.COV 2-S,Moderna - Spikevax,Pfizer BioNTech - Comirnaty,Sinovac - CoronaVac",2020-12-23,7,3812637,39.026
Iceland,ISL,EURO,REPORTING,2022-03-13,795850,305870,218.6,83.999,295983,81.284,"AstraZeneca - Vaxzevria,Janssen - Ad26.COV 2-S,Moderna - Spikevax,Pfizer BioNTech - Comirnaty",2020-12-30,4,247955,68.094
India,IND,SEARO,REPORTING,2022-04-05,1850212645,990428218,134.073,71.77,836022063,60.581,"Bharat - Covaxin,Gamaleya - Gam-Covid-Vac,Janssen - Ad26.COV 2-S,Moderna - Spikevax,SII - Covishield,Zydus - ZyCov-D",2021-01-16,6,23762364,1.722
Indonesia,IDN,SEARO,REPORTING,2022-04-05,381357749,196913257,139.424,71.991,160182529,58.563,"AstraZeneca - Vaxzevria,Beijing CNBG - BBIBP-CorV,Janssen - Ad26.COV 2-S,Moderna - Spikevax,Novavax-NUVAXOVID,Pfizer BioNTech - Comirnaty,Sinovac - CoronaVac",2021-01-13,7,24261963,8.87
Iran (Islamic Republic of),IRN,EMRO,REPORTING,2022-04-03,146457742,63913748,174.369,76.094,56890064,67.732,"AstraZeneca - Vaxzevria,Beijing CNBG - BBIBP-CorV,Bharat - Covaxin,Finlay - Soberana-02,Gamaleya - Gam-Covid-Vac,Shifa - COVIran Barakat",2021-02-09,6,25653930,30.543
Iraq,IRQ,EMRO,REPORTING,2022-04-03,17778382,10379529,44.2,25.805,7241775,18.004,"AstraZeneca - Vaxzevria,Beijing CNBG - BBIBP-CorV,Gamaleya - Gam-Covid-Vac,Pfizer BioNTech - Comirnaty",2021-03-02,4,157078,0.391
Ireland,IRL,EURO,REPORTING,2022-04-03,10702393,4027841,215.6,81.134,3979552,80.161,"AstraZeneca - Vaxzevria,Janssen - Ad26.COV 2-S,Moderna - Spikevax,Pfizer BioNTech - Comirnaty",2020-12-30,4,2931603,59.052
Isle of Man,IMN,EURO,OWID,2022-04-05,189681,69532,223.07,81.772,67024,78.822,"Moderna - mRNA-1273, AstraZeneca - AZD1222, Pfizer BioNTech - Comirnaty",,3,53125,62.476
Israel,ISR,EURO,REPORTING,2022-03-27,14240684,6656355,164.5,76.903,6013079,69.471,"AstraZeneca - Vaxzevria,Moderna - Spikevax,Pfizer BioNTech - Comirnaty",2020-12-16,3,1571250,18.153
Italy,ITA,EURO,REPORTING,2022-04-03,134881228,50342866,226.2,84.414,47374372,79.432,"AstraZeneca - Vaxzevria,Janssen - Ad26.COV 2-S,Moderna - Spikevax,Pfizer BioNTech - Comirnaty",2020-12-23,4,38643286,64.793
Jamaica,JAM,AMRO,REPORTING,2022-04-01,1395909,781259,47.141,26.383,673839,22.756,"AstraZeneca - Vaxzevria,Beijing CNBG - BBIBP-CorV,Janssen - Ad26.COV 2-S,Pfizer BioNTech - Comirnaty,SII - Covishield",2021-03-10,5,33290,1.124
Japan,JPN,WPRO,REPORTING,2022-03-31,255719551,102528330,202.187,81.065,100670133,79.596,"AstraZeneca - Vaxzevria,Moderna - Spikevax,Novavax-NUVAXOVID,Pfizer BioNTech - Comirnaty",2021-02-17,4,52521088,41.526
Jersey,JEY,EURO,OWID,2022-03-27,228059,82836,211.565,76.845,79472,73.724,"Moderna - mRNA-1273, AstraZeneca - AZD1222, Pfizer BioNTech - Comirnaty",,3,61724,57.26
Jordan,JOR,EMRO,REPORTING,2022-03-31,9832387,4742427,96.366,46.48,4456597,43.679,"AstraZeneca - Vaxzevria,Beijing CNBG - BBIBP-CorV,Gamaleya - Gam-Covid-Vac,Janssen - Ad26.COV 2-S,Moderna - Spikevax,Pfizer BioNTech - Comirnaty",2021-01-13,6,637233,6.245
Kazakhstan,KAZ,EURO,REPORTING,2022-04-03,23534254,10381612,125.3,55.29,9974687,53.123,"Beijing CNBG - BBIBP-CorV,Gamaleya - Gam-Covid-Vac,Pfizer BioNTech - Comirnaty,RIBSP - QazVac,Sinovac - CoronaVac",2021-04-07,5,3177955,16.925
Kenya,KEN,AFRO,REPORTING,2022-03-24,17439527,8994309,32.433,16.727,8172214,15.198,"Beijing CNBG - BBIBP-CorV,Janssen - Ad26.COV 2-S,Moderna - Spikevax,Pfizer BioNTech - Comirnaty,SII - Covishield",2021-03-05,5,268625,0.5
Kiribati,KIR,WPRO,REPORTING,2022-03-13,136758,78620,114.491,65.819,55333,46.324,"AstraZeneca - Vaxzevria,Beijing CNBG - BBIBP-CorV",2021-05-26,2,2805,2.348
Kosovo,XKX,EURO,REPORTING,2022-04-03,1819088,902020,101.3,50.233,818199,45.565,"AstraZeneca - AZD1222, Pfizer BioNTech - Comirnaty",,2,98869,5.506
Kuwait,KWT,EMRO,REPORTING,2022-04-04,7879349,3413831,184.503,79.939,3287244,76.974,"AstraZeneca - Vaxzevria,Beijing CNBG - BBIBP-CorV,Janssen - Ad26.COV 2-S,Moderna - Spikevax,Pfizer BioNTech - Comirnaty",2020-12-28,5,1178274,27.591
Kyrgyzstan,KGZ,EURO,REPORTING,2022-04-03,2700520,1383030,41.4,21.198,1208466,18.523,"AstraZeneca - Vaxzevria,Beijing CNBG - BBIBP-CorV,Gamaleya - Gam-Covid-Vac,Moderna - Spikevax,Pfizer BioNTech - Comirnaty,RIBSP - QazVac",2021-03-31,6,109024,1.671
Lao People's Democratic Republic,LAO,WPRO,REPORTING,2022-03-30,10256521,5618458,140.972,77.224,4493559,61.762,"AstraZeneca - Vaxzevria,Beijing CNBG - BBIBP-CorV,Gamaleya - Gam-Covid-Vac,Gamaleya - Sputnik-Light,Janssen - Ad26.COV 2-S,Pfizer BioNTech - Comirnaty,SII - Covishield,Sinovac - CoronaVac",2020-11-25,8,1189955,16.356
Latvia,LVA,EURO,REPORTING,2022-03-27,2811093,1299148,147.4,68.101,1266212,66.375,"AstraZeneca - Vaxzevria,Janssen - Ad26.COV 2-S,Moderna - Spikevax,Pfizer BioNTech - Comirnaty",2020-12-30,4,517577,27.131
Lebanon,LBN,EMRO,REPORTING,2022-04-04,5576613,2670680,81.703,39.128,2341310,34.303,"AstraZeneca - Vaxzevria,Beijing CNBG - BBIBP-CorV,Gamaleya - Gam-Covid-Vac,Pfizer BioNTech - Comirnaty",2021-02-14,4,564623,8.272
Lesotho,LSO,AFRO,REPORTING,2022-03-22,905438,782175,42.266,36.512,727528,33.961,"Beijing CNBG - BBIBP-CorV,Janssen - Ad26.COV 2-S,SII - Covishield",2021-03-10,3,,
Liberia,LBR,AFRO,REPORTING,2022-03-25,1132502,1047889,22.392,20.719,1015633,20.081,SII - Covishield,2021-04-01,1,1742,0.034
Libya,LBY,EMRO,REPORTING,2022-03-31,3436348,2206720,50.01,32.115,1135980,16.532,"AstraZeneca - Vaxzevria,Beijing CNBG - BBIBP-CorV,Gamaleya - Gam-Covid-Vac,Janssen - Ad26.COV 2-S,Moderna - Spikevax,Pfizer BioNTech - Comirnaty,Sinovac - CoronaVac",2021-04-11,7,93648,1.363
Liechtenstein,LIE,OTHER,REPORTING,2022-04-03,71104,26681,183.5,68.86,26346,67.995,"Janssen - Ad26.COV 2-S,Moderna - Spikevax,Pfizer BioNTech - Comirnaty",2021-01-06,3,18310,47.255
Lithuania,LTU,EURO,REPORTING,2022-04-03,4455813,1948260,159.5,69.882,1896719,67.883,"AstraZeneca - Vaxzevria,Janssen - Ad26.COV 2-S,Moderna - Spikevax,Pfizer BioNTech - Comirnaty",2020-12-23,4,880408,31.51
Luxembourg,LUX,EURO,REPORTING,2022-04-03,1250128,468666,199.7,74.854,461081,73.642,"AstraZeneca - Vaxzevria,Janssen - Ad26.COV 2-S,Moderna - Spikevax,Pfizer BioNTech - Comirnaty",2020-12-30,4,356787,56.985
Madagascar,MDG,AFRO,REPORTING,2022-03-22,1306962,1098703,4.72,3.968,1050879,3.795,"Beijing CNBG - BBIBP-CorV,Janssen - Ad26.COV 2-S,SII - Covishield",2021-05-10,3,27380,0.099
Malawi,MWI,AFRO,REPORTING,2022-03-13,1993981,1570322,10.423,8.209,861888,4.505,"Janssen - Ad26.COV 2-S,SII - Covishield",2021-03-11,2,,
Malaysia,MYS,WPRO,REPORTING,2022-04-01,68946956,27517579,213.023,85.02,25808478,79.739,"AstraZeneca - Vaxzevria,Beijing CNBG - BBIBP-CorV,CanSino - Convidecia,Gamaleya - Gam-Covid-Vac,Janssen - Ad26.COV 2-S,Moderna - Spikevax,Pfizer BioNTech - Comirnaty,Sinovac - CoronaVac",2021-02-24,8,15833048,48.919
Maldives,MDV,SEARO,REPORTING,2022-03-31,937058,398516,173.355,73.725,383744,70.992,"AstraZeneca - Vaxzevria,Beijing CNBG - BBIBP-CorV,Gamaleya - Gam-Covid-Vac,Janssen - Ad26.COV 2-S,Moderna - Spikevax,Pfizer BioNTech - Comirnaty,SII - Covishield,Sinovac - CoronaVac",2021-02-01,8,154798,28.637
Mali,MLI,AFRO,REPORTING,2022-03-25,1873615,1331919,9.252,6.577,978690,4.833,SII - Covishield,2021-03-31,1,,
Malta,MLT,EURO,REPORTING,2022-04-03,1205345,449537,234.2,87.363,443277,86.146,"AstraZeneca - Vaxzevria,Janssen - Ad26.COV 2-S,Moderna - Spikevax,Pfizer BioNTech - Comirnaty",2020-12-23,4,344803,67.009
Marshall Islands,MHL,WPRO,REPORTING,2022-03-17,57421,30074,97.005,50.806,24904,42.072,"Janssen - Ad26.COV 2-S,Moderna - Spikevax,Pfizer BioNTech - Comirnaty",2020-12-29,3,5152,8.704
Martinique,MTQ,AMRO,REPORTING,2022-04-01,375914,147733,100.173,39.368,142380,37.941,Pfizer BioNTech - Comirnaty,,1,85801,22.864
Mauritania,MRT,AFRO,REPORTING,2022-03-21,2650797,1553213,57.011,33.405,1057009,22.733,"Beijing CNBG - BBIBP-CorV,SII - Covishield",2021-03-26,2,40575,0.873
Mauritius,MUS,AFRO,REPORTING,2022-03-11,2494317,1000474,196.13,78.668,963452,75.757,"Beijing CNBG - BBIBP-CorV,Bharat - Covaxin,SII - Covishield",2021-01-26,3,530381,41.704
Mexico,MEX,AMRO,REPORTING,2022-04-01,192422777,85603132,149.243,66.394,79752864,61.856,"AstraZeneca - Vaxzevria,CanSino - Convidecia,Gamaleya - Gam-Covid-Vac,Janssen - Ad26.COV 2-S,Moderna - Spikevax,Pfizer BioNTech - Comirnaty,Sinovac - CoronaVac",2020-12-24,7,36338300,28.184
Micronesia (Federated States of),FSM,WPRO,REPORTING,2022-03-17,110099,62087,95.719,53.978,51505,44.778,"AstraZeneca - Vaxzevria,Janssen - Ad26.COV 2-S,Moderna - Spikevax,Pfizer BioNTech - Comirnaty",2021-01-13,4,9293,8.079
Monaco,MCO,EURO,REPORTING,2021-12-21,65140,28875,166,73.578,25667,65.404,Pfizer BioNTech - Comirnaty,2021-06-30,1,,
Mongolia,MNG,WPRO,REPORTING,2022-04-01,5594088,2272436,170.64,69.318,2174614,66.334,"AstraZeneca - Vaxzevria,Beijing CNBG - BBIBP-CorV,Gamaleya - Gam-Covid-Vac,Moderna - Spikevax,Pfizer BioNTech - Comirnaty,SII - Covishield",2021-02-23,6,1031597,31.468
Montenegro,MNE,EURO,REPORTING,2022-03-27,528291,276158,84.1,44.407,252133,40.544,"AstraZeneca - Vaxzevria,Beijing CNBG - BBIBP-CorV,Gamaleya - Gam-Covid-Vac,Pfizer BioNTech - Comirnaty",2021-02-24,4,,
Montserrat,MSR,AMRO,REPORTING,2022-04-01,4221,1897,84.437,37.948,1814,36.287,AstraZeneca - Vaxzevria,2021-02-08,1,510,10.202
Morocco,MAR,EMRO,REPORTING,2022-04-03,54308312,24887621,147.135,67.427,23361571,63.292,"AstraZeneca - Vaxzevria,Beijing CNBG - BBIBP-CorV,Gamaleya - Gam-Covid-Vac,Janssen - Ad26.COV 2-S,Pfizer BioNTech - Comirnaty",2021-01-28,5,6156833,16.68
Mozambique,MOZ,AFRO,REPORTING,2022-03-25,26215793,14243939,83.876,45.573,13130997,42.012,"Beijing CNBG - BBIBP-CorV,Janssen - Ad26.COV 2-S,SII - Covishield",2021-03-08,3,297597,0.952
Myanmar,MMR,SEARO,REPORTING,2022-04-02,50072770,27030964,92.029,49.68,21934436,40.313,"Beijing CNBG - BBIBP-CorV,SII - Covishield",2021-01-27,2,1107370,2.035
Namibia,NAM,AFRO,REPORTING,2022-03-25,834756,450833,32.853,17.743,383923,15.11,"Beijing CNBG - BBIBP-CorV,Janssen - Ad26.COV 2-S,Pfizer BioNTech - Comirnaty,SII - Covishield",2021-03-19,4,35908,1.413
Nauru,NRU,WPRO,REPORTING,2022-03-31,22976,9464,212.073,87.355,8585,79.241,"AstraZeneca - Vaxzevria,SII - Covishield",2021-04-09,2,4927,45.477
Nepal,NPL,SEARO,REPORTING,2022-04-04,43549489,22053904,149.466,75.691,19195930,65.882,"AstraZeneca - Vaxzevria,Beijing CNBG - BBIBP-CorV,Bharat - Covaxin,Gamaleya - Gam-Covid-Vac,Janssen - Ad26.COV 2-S,Moderna - Spikevax,Pfizer BioNTech - Comirnaty,SII - Covishield",2021-01-27,8,2299655,7.893
Netherlands,NLD,EURO,REPORTING,2022-04-03,35253775,13459301,202.5,77.319,12393117,71.194,"AstraZeneca - Vaxzevria,Janssen - Ad26.COV 2-S,Moderna - Spikevax,Pfizer BioNTech - Comirnaty",2021-01-06,4,9206786,52.89
New Caledonia,NCL,WPRO,REPORTING,2022-03-28,458085,188003,160.451,65.851,179880,63.006,"Janssen - Ad26.COV 2-S,Pfizer BioNTech - Comirnaty",2021-01-20,2,,
New Zealand,NZL,WPRO,REPORTING,2022-04-01,10965958,4262827,227.404,88.399,4040835,83.796,"AstraZeneca - Vaxzevria,Janssen - Ad26.COV 2-S,Novavax-NUVAXOVID,Pfizer BioNTech - Comirnaty",2021-02-19,4,2616138,54.252
Nicaragua,NIC,AMRO,REPORTING,2022-04-01,10003541,5604596,151.007,84.603,4398945,66.404,"AstraZeneca - Vaxzevria,CIGB - CIGB-66,Finlay - Soberana Plus,Finlay - Soberana-02,Gamaleya - Gam-Covid-Vac,Gamaleya - Sputnik-Light,Janssen - Ad26.COV 2-S,Pfizer BioNTech - Comirnaty,SII - Covishield",2021-03-03,9,,
Niger,NER,AFRO,REPORTING,2022-03-24,2681673,2180972,11.078,9.01,1545630,6.385,"Beijing CNBG - BBIBP-CorV,SII - Covishield",2021-03-29,2,,
Nigeria,NGA,AFRO,REPORTING,2022-03-27,31391732,21049754,15.228,10.211,9565143,4.64,SII - Covishield,2021-03-05,1,776835,0.377
Niue,NIU,WPRO,REPORTING,2022-03-13,4161,1650,257.169,101.978,1417,87.577,Pfizer BioNTech - Comirnaty,2021-06-08,1,1094,67.614
North Macedonia,MKD,EURO,REPORTING,2022-04-03,1841819,852988,88.4,41.083,835804,40.255,"AstraZeneca - Vaxzevria,Beijing CNBG - BBIBP-CorV,Gamaleya - Gam-Covid-Vac,Pfizer BioNTech - Comirnaty,Sinovac - CoronaVac,Wuhan CNBG - Inactivated",2021-02-17,6,153027,7.37
Northern Mariana Islands (Commonwealth of the),MNP,WPRO,REPORTING,2022-03-16,,44512,,77.336,43590,75.734,"Janssen - Ad26.COV 2-S,Moderna - Spikevax,Pfizer BioNTech - Comirnaty",2020-12-19,3,,
Norway,NOR,EURO,REPORTING,2022-04-03,11271659,4331261,210,80.693,4034051,75.156,"AstraZeneca - Vaxzevria,Janssen - Ad26.COV 2-S,Moderna - Spikevax,Pfizer BioNTech - Comirnaty",2020-12-23,4,2913266,54.275
occupied Palestinian territory,PSE,EMRO,REPORTING,2022-04-03,3707619,1999492,72.678,39.195,1762313,34.546,"AstraZeneca - Vaxzevria,Beijing CNBG - BBIBP-CorV,Gamaleya - Gam-Covid-Vac,Gamaleya - Sputnik-Light,Janssen - Ad26.COV 2-S,Moderna - Spikevax,Pfizer BioNTech - Comirnaty,Sinovac - CoronaVac",2021-02-02,8,323950,6.35
Oman,OMN,EMRO,REPORTING,2022-03-28,7012356,3255730,137.319,63.755,3024079,59.219,"AstraZeneca - Vaxzevria,Gamaleya - Gam-Covid-Vac,Pfizer BioNTech - Comirnaty,SII - Covishield,Sinovac - CoronaVac",2020-12-29,5,732547,14.345
Pakistan,PAK,EMRO,REPORTING,2022-03-17,226203802,132004138,102.405,59.759,104543642,47.328,"Beijing CNBG - BBIBP-CorV,Bharat - Covaxin,CanSino - Convidecia,Gamaleya - Gam-Covid-Vac,Moderna - Spikevax,Pfizer BioNTech - Comirnaty,SII - Covishield,Sinovac - CoronaVac",2021-02-03,8,4869245,2.204
Palau,PLW,WPRO,REPORTING,2022-03-17,46724,20117,258.258,111.193,17833,98.568,"Janssen - Ad26.COV 2-S,Moderna - Spikevax,Pfizer BioNTech - Comirnaty",2021-01-03,3,11121,61.469
Panama,PAN,AMRO,REPORTING,2022-04-01,7945389,3449723,184.144,79.952,3037058,70.388,"AstraZeneca - Vaxzevria,Pfizer BioNTech - Comirnaty",2021-01-20,2,1458608,33.805
Papua New Guinea,PNG,WPRO,REPORTING,2022-03-22,422817,317150,4.726,3.545,257566,2.879,"AstraZeneca - Vaxzevria,Beijing CNBG - BBIBP-CorV,Janssen - Ad26.COV 2-S,SII - Covishield",2021-03-30,4,10114,0.113
Paraguay,PRY,AMRO,REPORTING,2022-04-01,8472594,3875316,118.788,54.333,3331746,46.712,"AstraZeneca - Vaxzevria,Beijing CNBG - BBIBP-CorV,Bharat - Covaxin,Gamaleya - Gam-Covid-Vac,Julphar - Hayat-Vax,Moderna - Spikevax,Pfizer BioNTech - Comirnaty,Sinovac - CoronaVac",2021-02-22,8,1265532,17.743
Peru,PER,AMRO,REPORTING,2022-04-01,67477949,28695243,204.653,87.03,26024856,78.931,"AstraZeneca - Vaxzevria,Beijing CNBG - BBIBP-CorV,Pfizer BioNTech - Comirnaty",2021-02-09,3,12757850,38.693
Philippines,PHL,WPRO,REPORTING,2022-03-31,142489795,71241756,130.031,65.013,65992429,60.222,"AstraZeneca - Vaxzevria,Beijing CNBG - BBIBP-CorV,Bharat - Covaxin,Gamaleya - Gam-Covid-Vac,Gamaleya - Sputnik-Light,Janssen - Ad26.COV 2-S,Julphar - Hayat-Vax,Moderna - Spikevax,Novavax-NUVAXOVID,Pfizer BioNTech - Comirnaty,Sinovac - CoronaVac",2021-03-01,11,12074999,11.019
Pitcairn Islands,PCN,WPRO,REPORTING,2022-02-28,106,46,212,92,37,74,AstraZeneca - Vaxzevria,2021-05-17,1,23,46
Poland,POL,EURO,REPORTING,2022-04-03,54095668,22703333,142.5,59.812,22392861,58.994,"AstraZeneca - Vaxzevria,Janssen - Ad26.COV 2-S,Moderna - Spikevax,Pfizer BioNTech - Comirnaty",2020-12-23,4,11741127,30.932
Portugal,PRT,EURO,REPORTING,2022-04-03,23698913,9685762,230.2,94.165,8812242,85.59,"AstraZeneca - Vaxzevria,Beijing CNBG - BBIBP-CorV,Janssen - Ad26.COV 2-S,Moderna - Spikevax,Pfizer BioNTech - Comirnaty,Sinovac - CoronaVac",2020-12-23,6,6324578,61.428
Puerto Rico,PRI,AMRO,REPORTING,2022-04-01,7082520,3131894,247.567,109.474,2626176,91.797,"Janssen - Ad26.COV 2-S,Moderna - Spikevax,Pfizer BioNTech - Comirnaty",,3,1465978,51.243
Qatar,QAT,EMRO,REPORTING,2022-04-03,6652044,2602309,230.889,90.325,2602309,90.325,"AstraZeneca - Vaxzevria,Janssen - Ad26.COV 2-S,Moderna - Spikevax,Pfizer BioNTech - Comirnaty",2020-12-23,4,1463519,50.798
Republic of Korea,KOR,WPRO,REPORTING,2022-04-04,120600744,44894841,235.23,87.567,44421396,86.643,"AstraZeneca - Vaxzevria,Janssen - Ad26.COV 2-S,Moderna - Spikevax,Novavax-NUVAXOVID,Pfizer BioNTech - Comirnaty",2021-02-26,5,32800214,63.976
Republic of Moldova,MDA,EURO,REPORTING,2022-04-03,2154271,1087155,53.4,26.95,1055866,26.174,"AstraZeneca - Vaxzevria,Beijing CNBG - BBIBP-CorV,Gamaleya - Gam-Covid-Vac,Janssen - Ad26.COV 2-S,Moderna - Spikevax,Pfizer BioNTech - Comirnaty,Sinovac - CoronaVac",2021-03-03,7,312671,7.751
Romania,ROU,EURO,REPORTING,2022-04-03,15966062,8165643,82.6,42.246,8104179,41.928,"AstraZeneca - Vaxzevria,Janssen - Ad26.COV 2-S,Moderna - Spikevax,Pfizer BioNTech - Comirnaty",2021-01-27,4,1707437,8.834
Russian Federation,RUS,EURO,OWID,2022-04-05,163623016,79920509,112.1,54.765,72847646,49.918,"SRCVB - EpiVacCorona, Gamaleya - Sputnik V",,2,,
Rwanda,RWA,AFRO,REPORTING,2022-03-29,19864875,8907627,153.37,68.773,8099237,62.532,"Beijing CNBG - BBIBP-CorV,Gamaleya - Gam-Covid-Vac,Janssen - Ad26.COV 2-S,Moderna - Spikevax,Pfizer BioNTech - Comirnaty,SII - Covishield,Sinovac - CoronaVac",2021-03-05,7,2858011,22.066
Saba,XCA,AMRO,REPORTING,2022-04-01,3156,1585,163.27,81.997,1571,81.273,,,,,
Saint Helena,SHN,AFRO,OWID,2021-05-05,7892,4361,129.995,71.833,3531,58.162,AstraZeneca - AZD1222,,1,,
Saint Kitts and Nevis,KNA,AMRO,REPORTING,2022-04-01,57949,28273,108.943,53.153,26500,49.82,"AstraZeneca - Vaxzevria,Pfizer BioNTech - Comirnaty,SII - Covishield",2021-02-22,3,3176,5.971
Saint Lucia,LCA,AMRO,REPORTING,2022-04-01,117881,58182,64.196,31.685,52791,28.749,"AstraZeneca - Vaxzevria,Pfizer BioNTech - Comirnaty,SII - Covishield",2021-02-17,3,6908,3.762
Saint Vincent and the Grenadines,VCT,AMRO,REPORTING,2022-04-01,69756,36093,62.877,32.534,30188,27.211,"AstraZeneca - Vaxzevria,Gamaleya - Gam-Covid-Vac,Gamaleya - Sputnik-Light,Pfizer BioNTech - Comirnaty,SII - Covishield",2021-02-01,5,3475,3.132
Samoa,WSM,WPRO,REPORTING,2022-03-16,304893,173862,153.665,87.626,131031,66.039,"AstraZeneca - Vaxzevria,Pfizer BioNTech - Comirnaty",2021-04-18,2,,
San Marino,SMR,EURO,REPORTING,2022-04-03,69081,26340,203.6,76.452,23615,68.543,"Gamaleya - Gam-Covid-Vac,Pfizer BioNTech - Comirnaty",2021-02-24,2,19126,55.513
Sao Tome and Principe,STP,AFRO,REPORTING,2022-03-29,208657,113708,95.208,51.884,86914,39.658,"AstraZeneca - Vaxzevria,SII - Covishield",2021-03-15,2,8035,3.666
Saudi Arabia,SAU,EMRO,REPORTING,2022-04-04,63202128,26273350,181.543,75.468,24591360,70.637,"AstraZeneca - Vaxzevria,Janssen - Ad26.COV 2-S,Moderna - Spikevax,Pfizer BioNTech - Comirnaty",2021-01-06,4,12337418,35.438
Senegal,SEN,AFRO,REPORTING,2022-03-15,2496373,1457116,14.909,8.702,1039257,6.207,"Beijing CNBG - BBIBP-CorV,Janssen - Ad26.COV 2-S,SII - Covishield",2021-02-23,3,3430,0.02
Serbia,SRB,EURO,REPORTING,2022-03-06,6688582,3383380,96.6,48.845,3305202,47.717,"AstraZeneca - Vaxzevria,Beijing CNBG - BBIBP-CorV,Gamaleya - Gam-Covid-Vac,Moderna - Spikevax,Pfizer BioNTech - Comirnaty",2020-12-23,5,,
Seychelles,SYC,AFRO,REPORTING,2022-03-29,199850,84387,203.209,85.805,80153,81.5,"Beijing CNBG - BBIBP-CorV,Gamaleya - Gam-Covid-Vac,Julphar - Hayat-Vax,SII - Covishield",2021-01-10,4,35310,35.903
Sierra Leone,SLE,AFRO,REPORTING,2022-03-29,2868978,1743563,35.966,21.857,1125415,14.108,"Beijing CNBG - BBIBP-CorV,SII - Covishield",2021-03-15,2,2767,0.035
Singapore,SGP,WPRO,REPORTING,2022-03-28,13825593,5005722,236.321,85.563,4964989,84.867,"AstraZeneca - Vaxzevria,Beijing CNBG - BBIBP-CorV,Moderna - Spikevax,Pfizer BioNTech - Comirnaty",2020-12-30,4,3854882,65.892
Sint Eustatius,XBA,AMRO,REPORTING,2022-04-01,3110,1588,99.076,50.589,1522,48.487,,,,,
Sint Maarten,SXM,AMRO,REPORTING,2022-04-01,62043,27974,144.683,65.235,25970,60.562,"AstraZeneca - Vaxzevria,Moderna - Spikevax,Pfizer BioNTech - Comirnaty",2021-02-22,3,8099,18.887
Slovakia,SVK,EURO,REPORTING,2022-04-03,7056491,2820268,129.3,51.673,2768365,50.722,"AstraZeneca - Vaxzevria,Gamaleya - Gam-Covid-Vac,Janssen - Ad26.COV 2-S,Moderna - Spikevax,Pfizer BioNTech - Comirnaty",2021-01-06,5,1639952,30.047
Slovenia,SVN,EURO,REPORTING,2022-04-03,2948334,1239399,140.7,59.136,1207628,57.62,"AstraZeneca - Vaxzevria,Janssen - Ad26.COV 2-S,Moderna - Spikevax,Pfizer BioNTech - Comirnaty",2020-12-23,4,637309,30.408
Solomon Islands,SLB,WPRO,REPORTING,2022-04-03,380448,245948,55.388,35.806,133612,19.452,"AstraZeneca - Vaxzevria,Beijing CNBG - BBIBP-CorV,Pfizer BioNTech - Comirnaty,SII - Covishield",2021-03-23,4,1236,0.18
Somalia,SOM,EMRO,REPORTING,2022-04-04,2477195,2011448,15.586,12.656,1351016,8.501,"Beijing CNBG - BBIBP-CorV,Janssen - Ad26.COV 2-S,SII - Covishield,Sinovac - CoronaVac",2021-03-16,4,,
South Africa,ZAF,AFRO,REPORTING,2022-03-27,33405701,21674770,56.325,36.546,18602475,31.366,"Janssen - Ad26.COV 2-S,Pfizer BioNTech - Comirnaty",2021-02-17,2,2078695,3.505
South Sudan,SSD,AFRO,REPORTING,2022-03-23,575057,526243,5.137,4.701,482816,4.313,"Janssen - Ad26.COV 2-S,SII - Covishield",2021-04-06,2,,
Spain,ESP,EURO,REPORTING,2022-04-03,100893285,41137603,213.2,86.912,37188249,78.568,"AstraZeneca - Vaxzevria,Janssen - Ad26.COV 2-S,Moderna - Spikevax,Pfizer BioNTech - Comirnaty",2020-12-30,4,24547622,51.862
Sri Lanka,LKA,SEARO,REPORTING,2022-04-04,39334477,17013894,183.692,79.455,14427857,67.378,"AstraZeneca - Vaxzevria,Beijing CNBG - BBIBP-CorV,Gamaleya - Gam-Covid-Vac,Moderna - Spikevax,Pfizer BioNTech - Comirnaty,SII - Covishield",2021-01-29,6,7892726,36.859
Sudan,SDN,EMRO,REPORTING,2022-03-31,6761896,5711150,15.421,13.025,3360477,7.664,"Beijing CNBG - BBIBP-CorV,Janssen - Ad26.COV 2-S,Pfizer BioNTech - Comirnaty,SII - Covishield,Sinovac - CoronaVac",2021-03-09,5,23801,0.054
Suriname,SUR,AMRO,REPORTING,2022-04-01,552324,267335,94.152,45.571,237194,40.433,"AstraZeneca - Vaxzevria,Beijing CNBG - BBIBP-CorV,Moderna - Spikevax,Pfizer BioNTech - Comirnaty,SII - Covishield",2021-02-23,5,47795,8.147
Sweden,SWE,EURO,REPORTING,2022-04-03,20528131,7544567,198.8,73.053,7371896,71.381,"AstraZeneca - Vaxzevria,Moderna - Spikevax,Pfizer BioNTech - Comirnaty",2020-12-23,3,5209858,50.446
Switzerland,CHE,EURO,REPORTING,2022-03-27,11853901,6081866,137,70.67,5830100,67.744,"Janssen - Ad26.COV 2-S,Moderna - Spikevax,Pfizer BioNTech - Comirnaty",2020-12-23,3,,
Syrian Arab Republic,SYR,EMRO,REPORTING,2022-03-27,3442389,2353234,19.67,13.447,1359342,7.767,"Beijing CNBG - BBIBP-CorV,Gamaleya - Gam-Covid-Vac,Gamaleya - Sputnik-Light,Janssen - Ad26.COV 2-S,SII - Covishield,Sinovac - CoronaVac",2021-04-01,6,7901,0.045
Tajikistan,TJK,EURO,REPORTING,2022-04-03,11318942,5148083,118.7,53.976,4853514,50.888,"AstraZeneca - Vaxzevria,Gamaleya - Gam-Covid-Vac,Moderna - Spikevax,Pfizer BioNTech - Comirnaty,SII - Covishield,Sinovac - CoronaVac",2021-03-24,6,1317345,13.812
Thailand,THA,SEARO,REPORTING,2022-04-04,129944482,55622111,186.167,79.688,50283704,72.04,"AstraZeneca - Vaxzevria,Beijing CNBG - BBIBP-CorV,Janssen - Ad26.COV 2-S,Moderna - Spikevax,Pfizer BioNTech - Comirnaty,SII - Covishield,Sinovac - CoronaVac",2021-02-28,7,24038667,34.439
The United Kingdom,GBR,EURO,REPORTING,2022-04-04,141171812,52826860,208,77.618,49478287,72.698,"AstraZeneca - Vaxzevria,Moderna - Spikevax,Pfizer BioNTech - Comirnaty",2020-12-21,3,,
Timor-Leste,TLS,SEARO,REPORTING,2022-04-05,1374944,753925,104.285,57.183,590693,44.802,"AstraZeneca - Vaxzevria,Pfizer BioNTech - Comirnaty,SII - Covishield,Sinovac - CoronaVac",2021-04-07,4,30326,2.3
Togo,TGO,AFRO,REPORTING,2022-03-11,2757575,1558542,33.309,18.826,1557538,18.814,SII - Covishield,2021-03-10,1,40962,0.495
Tokelau,TKL,WPRO,REPORTING,2021-09-28,1936,968,143.407,71.704,968,71.704,Pfizer BioNTech - Comirnaty,2021-07-20,1,,
Tonga,TON,WPRO,REPORTING,2022-02-18,157483,75868,148.998,71.78,69092,65.369,"AstraZeneca - Vaxzevria,Pfizer BioNTech - Comirnaty",2021-04-14,2,12523,11.848
Trinidad and Tobago,TTO,AMRO,REPORTING,2022-04-01,1544257,746182,110.344,53.318,708940,50.657,"AstraZeneca - Vaxzevria,Beijing CNBG - BBIBP-CorV,Janssen - Ad26.COV 2-S,Pfizer BioNTech - Comirnaty,SII - Covishield",2021-02-17,5,145568,10.402
Tunisia,TUN,EMRO,REPORTING,2022-03-28,13049848,7207023,110.418,60.98,6349274,53.723,"AstraZeneca - Vaxzevria,Beijing CNBG - BBIBP-CorV,Gamaleya - Gam-Covid-Vac,Janssen - Ad26.COV 2-S,Moderna - Spikevax,Pfizer BioNTech - Comirnaty,Sinovac - CoronaVac",2021-03-13,7,1172680,9.922
Turkey,TUR,EURO,OWID,2022-04-05,147070173,57785259,174.4,69.491,52984321,63.718,"Pfizer BioNTech - Comirnaty, Sinovac - CoronaVac, Turkovac",,3,,
Turkmenistan,TKM,EURO,REPORTING,2022-03-06,7140000,2970000,118.4,49.244,2920000,48.415,"Anhui ZL - Zifivax,AstraZeneca - Vaxzevria,Beijing CNBG - BBIBP-CorV,Gamaleya - Gam-Covid-Vac,RIBSP - QazVac,SRCVB - EpiVacCorona",2021-02-24,6,1250000,20.726
Turks and Caicos Islands,TCA,AMRO,REPORTING,2022-04-01,68800,31491,177.695,81.334,29458,76.083,Pfizer BioNTech - Comirnaty,2021-01-11,1,7851,20.277
Tuvalu,TUV,WPRO,REPORTING,2021-10-22,12114,6230,102.731,52.832,5884,49.898,AstraZeneca - Vaxzevria,2021-04-13,1,,
Uganda,UGA,AFRO,REPORTING,2022-03-29,17605945,14247523,38.491,31.148,8014082,17.521,"Janssen - Ad26.COV 2-S,Moderna - Spikevax,Pfizer BioNTech - Comirnaty,SII - Covishield,Sinovac - CoronaVac",2021-03-10,5,29385,0.064
Ukraine,UKR,EURO,REPORTING,2022-02-27,31668577,15774300,72.4,36.069,15153577,34.65,"AstraZeneca - Vaxzevria,Janssen - Ad26.COV 2-S,Moderna - Spikevax,Pfizer BioNTech - Comirnaty,SII - Covishield,Sinovac - CoronaVac",2021-02-24,6,741197,1.695
United Arab Emirates,ARE,EMRO,REPORTING,2022-04-04,24558731,9991089,248.309,101.018,9717333,98.25,"AstraZeneca - Vaxzevria,Beijing CNBG - BBIBP-CorV,Gamaleya - Gam-Covid-Vac,Pfizer BioNTech - Comirnaty,SII - Covishield",2020-12-14,5,,
United Republic of Tanzania,TZA,AFRO,REPORTING,2022-03-23,5031070,3941772,8.422,6.599,3067877,5.136,"Beijing CNBG - BBIBP-CorV,Janssen - Ad26.COV 2-S,Pfizer BioNTech - Comirnaty",2021-07-28,3,,
United States of America,USA,AMRO,REPORTING,2022-04-01,546128894,255761254,164.992,77.269,212477500,64.192,"Janssen - Ad26.COV 2-S,Moderna - Spikevax,Pfizer BioNTech - Comirnaty",2020-12-14,3,94714757,28.615
Uruguay,URY,AMRO,REPORTING,2022-04-01,8052498,2974263,231.811,85.622,2846165,81.934,"AstraZeneca - Vaxzevria,Pfizer BioNTech - Comirnaty,Sinovac - CoronaVac",2021-02-27,3,2232070,64.256
Uzbekistan,UZB,EURO,REPORTING,2022-04-03,45807547,18711434,136.9,55.906,14190099,42.397,"Anhui ZL - Zifivax,Gamaleya - Gam-Covid-Vac,Gamaleya - Sputnik-Light,Moderna - Spikevax,Pfizer BioNTech - Comirnaty,SII - Covishield,Sinovac - CoronaVac",2021-04-28,7,3023717,9.034
Vanuatu,VUT,WPRO,REPORTING,2022-02-20,197335,114284,64.248,37.208,85180,27.733,"AstraZeneca - Vaxzevria,Beijing CNBG - BBIBP-CorV,Janssen - Ad26.COV 2-S",2021-06-02,3,346,0.113
Venezuela (Bolivarian Republic of),VEN,AMRO,REPORTING,2022-04-01,37860994,22157232,133.145,77.92,14287370,50.244,"Beijing CNBG - BBIBP-CorV,CIGB - CIGB-66,Finlay - Soberana-02,Gamaleya - Gam-Covid-Vac,Gamaleya - Sputnik-Light,Sinovac - CoronaVac",2021-02-22,6,651502,2.291
Viet Nam,VNM,WPRO,REPORTING,2022-03-24,204566009,79974238,210.159,82.161,76300975,78.387,"AstraZeneca - Vaxzevria,Beijing CNBG - BBIBP-CorV,CIGB - CIGB-66,Gamaleya - Gam-Covid-Vac,Moderna - Spikevax,Pfizer BioNTech - Comirnaty",2021-03-08,6,46791620,48.071
Wallis and Futuna,WLF,WPRO,REPORTING,2022-04-01,16287,6576,144.825,58.474,6608,58.759,Moderna - Spikevax,2021-03-19,1,3103,27.592
Yemen,YEM,EMRO,REPORTING,2022-03-16,807502,643501,2.707,2.158,404781,1.357,"Janssen - Ad26.COV 2-S,SII - Covishield,Sinovac - CoronaVac",2021-04-20,3,,
Zambia,ZMB,AFRO,REPORTING,2022-03-29,3383947,2919895,18.407,15.883,2139138,11.636,"Beijing CNBG - BBIBP-CorV,Janssen - Ad26.COV 2-S,SII - Covishield",2021-04-14,3,58881,0.32
Zimbabwe,ZWE,AFRO,REPORTING,2022-03-25,8366555,4700828,56.291,31.628,3458864,23.272,"Beijing CNBG - BBIBP-CorV,Bharat - Covaxin,Gamaleya - Gam-Covid-Vac,Sinovac - CoronaVac",2021-02-18,4,206863,1.392
