areaType,areaName,areaCode,date,newCasesBySpecimenDate,cumCasesBySpecimenDate
overview,United Kingdom,K02000001,2020/1/30,1,1
overview,United Kingdom,K02000001,2020/1/31,0,1
overview,United Kingdom,K02000001,2020/2/1,0,1
overview,United Kingdom,K02000001,2020/2/2,1,2
overview,United Kingdom,K02000001,2020/2/3,19,21
overview,United Kingdom,K02000001,2020/2/4,0,21
overview,United Kingdom,K02000001,2020/2/5,1,22
overview,United Kingdom,K02000001,2020/2/6,0,22
overview,United Kingdom,K02000001,2020/2/7,0,22
overview,United Kingdom,K02000001,2020/2/8,3,25
overview,United Kingdom,K02000001,2020/2/9,1,26
overview,United Kingdom,K02000001,2020/2/10,1,27
overview,United Kingdom,K02000001,2020/2/11,4,31
overview,United Kingdom,K02000001,2020/2/12,1,32
overview,United Kingdom,K02000001,2020/2/13,1,33
overview,United Kingdom,K02000001,2020/2/14,0,33
overview,United Kingdom,K02000001,2020/2/15,0,33
overview,United Kingdom,K02000001,2020/2/16,0,33
overview,United Kingdom,K02000001,2020/2/17,1,34
overview,United Kingdom,K02000001,2020/2/18,0,34
overview,United Kingdom,K02000001,2020/2/19,0,34
overview,United Kingdom,K02000001,2020/2/20,0,34
overview,United Kingdom,K02000001,2020/2/21,2,36
overview,United Kingdom,K02000001,2020/2/22,0,36
overview,United Kingdom,K02000001,2020/2/23,6,42
overview,United Kingdom,K02000001,2020/2/24,2,44
overview,United Kingdom,K02000001,2020/2/25,3,47
overview,United Kingdom,K02000001,2020/2/26,2,49
overview,United Kingdom,K02000001,2020/2/27,8,57
overview,United Kingdom,K02000001,2020/2/28,12,69
overview,United Kingdom,K02000001,2020/2/29,4,73
overview,United Kingdom,K02000001,2020/3/1,20,93
overview,United Kingdom,K02000001,2020/3/2,41,134
overview,United Kingdom,K02000001,2020/3/3,57,191
overview,United Kingdom,K02000001,2020/3/4,56,247
overview,United Kingdom,K02000001,2020/3/5,49,296
overview,United Kingdom,K02000001,2020/3/6,83,379
overview,United Kingdom,K02000001,2020/3/7,68,447
overview,United Kingdom,K02000001,2020/3/8,55,502
overview,United Kingdom,K02000001,2020/3/9,148,650
overview,United Kingdom,K02000001,2020/3/10,265,915
overview,United Kingdom,K02000001,2020/3/11,403,1318
overview,United Kingdom,K02000001,2020/3/12,484,1802
overview,United Kingdom,K02000001,2020/3/13,478,2280
overview,United Kingdom,K02000001,2020/3/14,352,2632
overview,United Kingdom,K02000001,2020/3/15,441,3073
overview,United Kingdom,K02000001,2020/3/16,602,3675
overview,United Kingdom,K02000001,2020/3/17,783,4458
overview,United Kingdom,K02000001,2020/3/18,981,5439
overview,United Kingdom,K02000001,2020/3/19,0,6481
overview,United Kingdom,K02000001,2020/3/20,0,7733
overview,United Kingdom,K02000001,2020/3/21,0,8914
overview,United Kingdom,K02000001,2020/3/22,0,10277
overview,United Kingdom,K02000001,2020/3/23,2290,12567
overview,United Kingdom,K02000001,2020/3/24,2354,14921
overview,United Kingdom,K02000001,2020/3/25,2666,17587
overview,United Kingdom,K02000001,2020/3/26,3039,20626
overview,United Kingdom,K02000001,2020/3/27,3154,23780
overview,United Kingdom,K02000001,2020/3/28,2774,26554
overview,United Kingdom,K02000001,2020/3/29,2818,29372
overview,United Kingdom,K02000001,2020/3/30,4195,33567
overview,United Kingdom,K02000001,2020/3/31,4463,38030
overview,United Kingdom,K02000001,2020/4/1,4891,42921
overview,United Kingdom,K02000001,2020/4/2,4824,47745
overview,United Kingdom,K02000001,2020/4/3,4852,52597
overview,United Kingdom,K02000001,2020/4/4,3976,56573
overview,United Kingdom,K02000001,2020/4/5,3556,60129
overview,United Kingdom,K02000001,2020/4/6,5273,65402
overview,United Kingdom,K02000001,2020/4/7,5477,70879
overview,United Kingdom,K02000001,2020/4/8,5146,76025
overview,United Kingdom,K02000001,2020/4/9,4875,80900
overview,United Kingdom,K02000001,2020/4/10,4327,85227
overview,United Kingdom,K02000001,2020/4/11,3585,88812
overview,United Kingdom,K02000001,2020/4/12,3507,92319
overview,United Kingdom,K02000001,2020/4/13,4203,96522
overview,United Kingdom,K02000001,2020/4/14,4335,100857
overview,United Kingdom,K02000001,2020/4/15,5070,105927
overview,United Kingdom,K02000001,2020/4/16,5292,111219
overview,United Kingdom,K02000001,2020/4/17,4977,116196
overview,United Kingdom,K02000001,2020/4/18,4743,120939
overview,United Kingdom,K02000001,2020/4/19,3881,124820
overview,United Kingdom,K02000001,2020/4/20,4441,129261
overview,United Kingdom,K02000001,2020/4/21,4795,134056
overview,United Kingdom,K02000001,2020/4/22,5517,139573
overview,United Kingdom,K02000001,2020/4/23,5167,144740
overview,United Kingdom,K02000001,2020/4/24,4961,149701
overview,United Kingdom,K02000001,2020/4/25,3757,153458
overview,United Kingdom,K02000001,2020/4/26,3476,156934
overview,United Kingdom,K02000001,2020/4/27,4739,161673
overview,United Kingdom,K02000001,2020/4/28,4720,166393
overview,United Kingdom,K02000001,2020/4/29,5433,171826
overview,United Kingdom,K02000001,2020/4/30,4961,176787
overview,United Kingdom,K02000001,2020/5/1,4766,181553
overview,United Kingdom,K02000001,2020/5/2,3258,184811
overview,United Kingdom,K02000001,2020/5/3,3002,187813
overview,United Kingdom,K02000001,2020/5/4,3398,191211
overview,United Kingdom,K02000001,2020/5/5,3686,194897
overview,United Kingdom,K02000001,2020/5/6,3832,198729
overview,United Kingdom,K02000001,2020/5/7,3787,202516
overview,United Kingdom,K02000001,2020/5/8,3064,205580
overview,United Kingdom,K02000001,2020/5/9,2170,207750
overview,United Kingdom,K02000001,2020/5/10,2337,210087
overview,United Kingdom,K02000001,2020/5/11,3612,213699
overview,United Kingdom,K02000001,2020/5/12,3410,217109
overview,United Kingdom,K02000001,2020/5/13,3330,220439
overview,United Kingdom,K02000001,2020/5/14,2630,223069
overview,United Kingdom,K02000001,2020/5/15,2530,225599
overview,United Kingdom,K02000001,2020/5/16,2082,227681
overview,United Kingdom,K02000001,2020/5/17,1837,229518
overview,United Kingdom,K02000001,2020/5/18,2581,232099
overview,United Kingdom,K02000001,2020/5/19,3063,235162
overview,United Kingdom,K02000001,2020/5/20,2719,237881
overview,United Kingdom,K02000001,2020/5/21,2567,240448
overview,United Kingdom,K02000001,2020/5/22,2057,242505
overview,United Kingdom,K02000001,2020/5/23,1531,244036
overview,United Kingdom,K02000001,2020/5/24,1373,245409
overview,United Kingdom,K02000001,2020/5/25,1625,247034
overview,United Kingdom,K02000001,2020/5/26,2070,249104
overview,United Kingdom,K02000001,2020/5/27,1825,250929
overview,United Kingdom,K02000001,2020/5/28,1757,252686
overview,United Kingdom,K02000001,2020/5/29,1531,254217
overview,United Kingdom,K02000001,2020/5/30,1132,255349
overview,United Kingdom,K02000001,2020/5/31,1080,256429
overview,United Kingdom,K02000001,2020/6/1,1438,257867
overview,United Kingdom,K02000001,2020/6/2,1492,259359
overview,United Kingdom,K02000001,2020/6/3,1369,260728
overview,United Kingdom,K02000001,2020/6/4,1249,261977
overview,United Kingdom,K02000001,2020/6/5,1123,263100
overview,United Kingdom,K02000001,2020/6/6,804,263904
overview,United Kingdom,K02000001,2020/6/7,722,264626
overview,United Kingdom,K02000001,2020/6/8,1099,265725
overview,United Kingdom,K02000001,2020/6/9,1165,266890
overview,United Kingdom,K02000001,2020/6/10,1196,268086
overview,United Kingdom,K02000001,2020/6/11,1013,269099
overview,United Kingdom,K02000001,2020/6/12,1053,270152
overview,United Kingdom,K02000001,2020/6/13,886,271038
overview,United Kingdom,K02000001,2020/6/14,826,271864
overview,United Kingdom,K02000001,2020/6/15,1045,272909
overview,United Kingdom,K02000001,2020/6/16,1103,274012
overview,United Kingdom,K02000001,2020/6/17,1017,275029
overview,United Kingdom,K02000001,2020/6/18,1022,276051
overview,United Kingdom,K02000001,2020/6/19,993,277044
overview,United Kingdom,K02000001,2020/6/20,683,277727
overview,United Kingdom,K02000001,2020/6/21,636,278363
overview,United Kingdom,K02000001,2020/6/22,899,279262
overview,United Kingdom,K02000001,2020/6/23,883,280145
overview,United Kingdom,K02000001,2020/6/24,0,280922
overview,United Kingdom,K02000001,2020/6/25,726,281648
overview,United Kingdom,K02000001,2020/6/26,666,282314
overview,United Kingdom,K02000001,2020/6/27,653,282967
overview,United Kingdom,K02000001,2020/6/28,449,283416
overview,United Kingdom,K02000001,2020/6/29,724,284140
overview,United Kingdom,K02000001,2020/6/30,623,284763
overview,United Kingdom,K02000001,2020/7/1,652,285415
overview,United Kingdom,K02000001,2020/7/2,606,286021
overview,United Kingdom,K02000001,2020/7/3,568,286589
overview,United Kingdom,K02000001,2020/7/4,399,286988
overview,United Kingdom,K02000001,2020/7/5,0,287546
overview,United Kingdom,K02000001,2020/7/6,714,288260
overview,United Kingdom,K02000001,2020/7/7,608,288868
overview,United Kingdom,K02000001,2020/7/8,713,289581
overview,United Kingdom,K02000001,2020/7/9,722,290303
overview,United Kingdom,K02000001,2020/7/10,568,290871
overview,United Kingdom,K02000001,2020/7/11,459,291330
overview,United Kingdom,K02000001,2020/7/12,366,291696
overview,United Kingdom,K02000001,2020/7/13,740,292436
overview,United Kingdom,K02000001,2020/7/14,705,293141
overview,United Kingdom,K02000001,2020/7/15,777,293918
overview,United Kingdom,K02000001,2020/7/16,712,294630
overview,United Kingdom,K02000001,2020/7/17,582,295212
overview,United Kingdom,K02000001,2020/7/18,505,295717
overview,United Kingdom,K02000001,2020/7/19,448,296165
overview,United Kingdom,K02000001,2020/7/20,830,296995
overview,United Kingdom,K02000001,2020/7/21,788,297783
overview,United Kingdom,K02000001,2020/7/22,816,298599
overview,United Kingdom,K02000001,2020/7/23,808,299407
overview,United Kingdom,K02000001,2020/7/24,774,300181
overview,United Kingdom,K02000001,2020/7/25,530,300711
overview,United Kingdom,K02000001,2020/7/26,563,301274
overview,United Kingdom,K02000001,2020/7/27,869,302143
overview,United Kingdom,K02000001,2020/7/28,856,302999
overview,United Kingdom,K02000001,2020/7/29,1062,304061
overview,United Kingdom,K02000001,2020/7/30,946,305007
overview,United Kingdom,K02000001,2020/7/31,697,305704
overview,United Kingdom,K02000001,2020/8/1,559,306263
overview,United Kingdom,K02000001,2020/8/2,564,306827
overview,United Kingdom,K02000001,2020/8/3,1060,307887
overview,United Kingdom,K02000001,2020/8/4,1065,308952
overview,United Kingdom,K02000001,2020/8/5,1092,310044
overview,United Kingdom,K02000001,2020/8/6,1105,311149
overview,United Kingdom,K02000001,2020/8/7,973,312122
overview,United Kingdom,K02000001,2020/8/8,710,312832
overview,United Kingdom,K02000001,2020/8/9,627,313459
overview,United Kingdom,K02000001,2020/8/10,1499,314958
overview,United Kingdom,K02000001,2020/8/11,1378,316336
overview,United Kingdom,K02000001,2020/8/12,1242,317578
overview,United Kingdom,K02000001,2020/8/13,1156,318734
overview,United Kingdom,K02000001,2020/8/14,1185,319919
overview,United Kingdom,K02000001,2020/8/15,714,320633
overview,United Kingdom,K02000001,2020/8/16,602,321235
overview,United Kingdom,K02000001,2020/8/17,1298,322533
overview,United Kingdom,K02000001,2020/8/18,1116,323649
overview,United Kingdom,K02000001,2020/8/19,1282,324931
overview,United Kingdom,K02000001,2020/8/20,1498,326429
overview,United Kingdom,K02000001,2020/8/21,1218,327647
overview,United Kingdom,K02000001,2020/8/22,842,328489
overview,United Kingdom,K02000001,2020/8/23,831,329320
overview,United Kingdom,K02000001,2020/8/24,1301,330621
overview,United Kingdom,K02000001,2020/8/25,1270,331891
overview,United Kingdom,K02000001,2020/8/26,1388,333279
overview,United Kingdom,K02000001,2020/8/27,1591,334870
overview,United Kingdom,K02000001,2020/8/28,1632,336502
overview,United Kingdom,K02000001,2020/8/29,1230,337732
overview,United Kingdom,K02000001,2020/8/30,1171,338903
overview,United Kingdom,K02000001,2020/8/31,1513,340416
overview,United Kingdom,K02000001,2020/9/1,2288,342704
overview,United Kingdom,K02000001,2020/9/2,3077,345781
overview,United Kingdom,K02000001,2020/9/3,3152,348933
overview,United Kingdom,K02000001,2020/9/4,3092,352025
overview,United Kingdom,K02000001,2020/9/5,2551,354576
overview,United Kingdom,K02000001,2020/9/6,2465,357041
overview,United Kingdom,K02000001,2020/9/7,3931,360972
overview,United Kingdom,K02000001,2020/9/8,3370,364342
overview,United Kingdom,K02000001,2020/9/9,3365,367707
overview,United Kingdom,K02000001,2020/9/10,3628,371335
overview,United Kingdom,K02000001,2020/9/11,3324,374659
overview,United Kingdom,K02000001,2020/9/12,2670,377329
overview,United Kingdom,K02000001,2020/9/13,2154,379483
overview,United Kingdom,K02000001,2020/9/14,3428,382911
overview,United Kingdom,K02000001,2020/9/15,3551,386462
overview,United Kingdom,K02000001,2020/9/16,4399,390861
overview,United Kingdom,K02000001,2020/9/17,4676,395537
overview,United Kingdom,K02000001,2020/9/18,4973,400510
overview,United Kingdom,K02000001,2020/9/19,4889,405399
overview,United Kingdom,K02000001,2020/9/20,5340,410739
overview,United Kingdom,K02000001,2020/9/21,5627,416366
overview,United Kingdom,K02000001,2020/9/22,6441,422807
overview,United Kingdom,K02000001,2020/9/23,7096,429903
overview,United Kingdom,K02000001,2020/9/24,7682,437585
overview,United Kingdom,K02000001,2020/9/25,7318,444903
overview,United Kingdom,K02000001,2020/9/26,6809,451712
overview,United Kingdom,K02000001,2020/9/27,7023,458735
overview,United Kingdom,K02000001,2020/9/28,9983,468718
overview,United Kingdom,K02000001,2020/9/29,10368,479086
overview,United Kingdom,K02000001,2020/9/30,12717,491803
overview,United Kingdom,K02000001,2020/10/1,13358,505161
overview,United Kingdom,K02000001,2020/10/2,13854,519015
overview,United Kingdom,K02000001,2020/10/3,11667,530682
overview,United Kingdom,K02000001,2020/10/4,11954,542636
overview,United Kingdom,K02000001,2020/10/5,16755,559391
overview,United Kingdom,K02000001,2020/10/6,17250,576641
overview,United Kingdom,K02000001,2020/10/7,18576,595217
overview,United Kingdom,K02000001,2020/10/8,18427,613644
overview,United Kingdom,K02000001,2020/10/9,15903,629547
overview,United Kingdom,K02000001,2020/10/10,12652,642199
overview,United Kingdom,K02000001,2020/10/11,12213,654412
overview,United Kingdom,K02000001,2020/10/12,19710,674122
overview,United Kingdom,K02000001,2020/10/13,19135,693257
overview,United Kingdom,K02000001,2020/10/14,19934,713191
overview,United Kingdom,K02000001,2020/10/15,18639,731830
overview,United Kingdom,K02000001,2020/10/16,17938,749768
overview,United Kingdom,K02000001,2020/10/17,14888,764656
overview,United Kingdom,K02000001,2020/10/18,14330,778986
overview,United Kingdom,K02000001,2020/10/19,25926,804912
overview,United Kingdom,K02000001,2020/10/20,25680,830592
overview,United Kingdom,K02000001,2020/10/21,25785,856377
overview,United Kingdom,K02000001,2020/10/22,23497,879874
overview,United Kingdom,K02000001,2020/10/23,21714,901588
overview,United Kingdom,K02000001,2020/10/24,16464,918052
overview,United Kingdom,K02000001,2020/10/25,15905,933957
overview,United Kingdom,K02000001,2020/10/26,26807,960764
overview,United Kingdom,K02000001,2020/10/27,24360,985124
overview,United Kingdom,K02000001,2020/10/28,23907,1009031
overview,United Kingdom,K02000001,2020/10/29,23649,1032680
overview,United Kingdom,K02000001,2020/10/30,22896,1055576
overview,United Kingdom,K02000001,2020/10/31,16702,1072278
overview,United Kingdom,K02000001,2020/11/1,16001,1088279
overview,United Kingdom,K02000001,2020/11/2,32003,1120282
overview,United Kingdom,K02000001,2020/11/3,25989,1146271
overview,United Kingdom,K02000001,2020/11/4,24055,1170326
overview,United Kingdom,K02000001,2020/11/5,24102,1194428
overview,United Kingdom,K02000001,2020/11/6,23714,1218142
overview,United Kingdom,K02000001,2020/11/7,18783,1236925
overview,United Kingdom,K02000001,2020/11/8,20252,1257177
overview,United Kingdom,K02000001,2020/11/9,31558,1288735
overview,United Kingdom,K02000001,2020/11/10,27829,1316564
overview,United Kingdom,K02000001,2020/11/11,27792,1344356
overview,United Kingdom,K02000001,2020/11/12,24876,1369232
overview,United Kingdom,K02000001,2020/11/13,24438,1393670
overview,United Kingdom,K02000001,2020/11/14,18258,1411928
overview,United Kingdom,K02000001,2020/11/15,16258,1428186
overview,United Kingdom,K02000001,2020/11/16,27007,1455193
overview,United Kingdom,K02000001,2020/11/17,23531,1478724
overview,United Kingdom,K02000001,2020/11/18,21118,1499842
overview,United Kingdom,K02000001,2020/11/19,18074,1517916
overview,United Kingdom,K02000001,2020/11/20,17134,1535050
overview,United Kingdom,K02000001,2020/11/21,12556,1547606
overview,United Kingdom,K02000001,2020/11/22,11913,1559519
overview,United Kingdom,K02000001,2020/11/23,19083,1578602
overview,United Kingdom,K02000001,2020/11/24,16704,1595306
overview,United Kingdom,K02000001,2020/11/25,16858,1612164
overview,United Kingdom,K02000001,2020/11/26,14817,1626981
overview,United Kingdom,K02000001,2020/11/27,14597,1641578
overview,United Kingdom,K02000001,2020/11/28,11105,1652683
overview,United Kingdom,K02000001,2020/11/29,10874,1663557
overview,United Kingdom,K02000001,2020/11/30,18265,1681822
overview,United Kingdom,K02000001,2020/12/1,16745,1698567
overview,United Kingdom,K02000001,2020/12/2,16748,1715315
overview,United Kingdom,K02000001,2020/12/3,15926,1731241
overview,United Kingdom,K02000001,2020/12/4,15866,1747107
overview,United Kingdom,K02000001,2020/12/5,12917,1760024
overview,United Kingdom,K02000001,2020/12/6,13765,1773789
overview,United Kingdom,K02000001,2020/12/7,21644,1795433
overview,United Kingdom,K02000001,2020/12/8,21097,1816530
overview,United Kingdom,K02000001,2020/12/9,21937,1838467
overview,United Kingdom,K02000001,2020/12/10,22927,1861394
overview,United Kingdom,K02000001,2020/12/11,24425,1885819
overview,United Kingdom,K02000001,2020/12/12,19592,1905411
overview,United Kingdom,K02000001,2020/12/13,22279,1927690
overview,United Kingdom,K02000001,2020/12/14,35221,1962911
overview,United Kingdom,K02000001,2020/12/15,34414,1997325
overview,United Kingdom,K02000001,2020/12/16,35438,2032763
overview,United Kingdom,K02000001,2020/12/17,34440,2067203
overview,United Kingdom,K02000001,2020/12/18,36418,2103621
overview,United Kingdom,K02000001,2020/12/19,25589,2129210
overview,United Kingdom,K02000001,2020/12/20,33064,2162274
overview,United Kingdom,K02000001,2020/12/21,48192,2210466
overview,United Kingdom,K02000001,2020/12/22,46476,2256942
overview,United Kingdom,K02000001,2020/12/23,42936,2299878
overview,United Kingdom,K02000001,2020/12/24,32391,2332269
overview,United Kingdom,K02000001,2020/12/25,14419,2346688
overview,United Kingdom,K02000001,2020/12/26,41109,2387797
overview,United Kingdom,K02000001,2020/12/27,48519,2436316
overview,United Kingdom,K02000001,2020/12/28,46407,2482723
overview,United Kingdom,K02000001,2020/12/29,83088,2565811
overview,United Kingdom,K02000001,2020/12/30,72161,2637972
overview,United Kingdom,K02000001,2020/12/31,53945,2691917
overview,United Kingdom,K02000001,2021/1/1,32482,2724399
overview,United Kingdom,K02000001,2021/1/2,61653,2786052
overview,United Kingdom,K02000001,2021/1/3,56333,2842385
overview,United Kingdom,K02000001,2021/1/4,77970,2920355
overview,United Kingdom,K02000001,2021/1/5,66636,2986991
overview,United Kingdom,K02000001,2021/1/6,58784,3045775
overview,United Kingdom,K02000001,2021/1/7,53187,3098962
overview,United Kingdom,K02000001,2021/1/8,48103,3147065
overview,United Kingdom,K02000001,2021/1/9,40035,3187100
overview,United Kingdom,K02000001,2021/1/10,37174,3224274
overview,United Kingdom,K02000001,2021/1/11,58591,3282865
overview,United Kingdom,K02000001,2021/1/12,50647,3333512
overview,United Kingdom,K02000001,2021/1/13,46506,3380018
overview,United Kingdom,K02000001,2021/1/14,43473,3423491
overview,United Kingdom,K02000001,2021/1/15,41450,3464941
overview,United Kingdom,K02000001,2021/1/16,31247,3496188
overview,United Kingdom,K02000001,2021/1/17,29592,3525780
overview,United Kingdom,K02000001,2021/1/18,45956,3571736
overview,United Kingdom,K02000001,2021/1/19,40525,3612261
overview,United Kingdom,K02000001,2021/1/20,35985,3648246
overview,United Kingdom,K02000001,2021/1/21,32501,3680747
overview,United Kingdom,K02000001,2021/1/22,30330,3711077
overview,United Kingdom,K02000001,2021/1/23,22344,3733421
overview,United Kingdom,K02000001,2021/1/24,17554,3750975
overview,United Kingdom,K02000001,2021/1/25,30736,3781711
overview,United Kingdom,K02000001,2021/1/26,27730,3809441
overview,United Kingdom,K02000001,2021/1/27,26303,3835744
overview,United Kingdom,K02000001,2021/1/28,24772,3860516
overview,United Kingdom,K02000001,2021/1/29,22433,3882949
overview,United Kingdom,K02000001,2021/1/30,17167,3900116
overview,United Kingdom,K02000001,2021/1/31,15783,3915899
overview,United Kingdom,K02000001,2021/2/1,22971,3938870
overview,United Kingdom,K02000001,2021/2/2,20268,3959138
overview,United Kingdom,K02000001,2021/2/3,19914,3979052
overview,United Kingdom,K02000001,2021/2/4,18493,3997545
overview,United Kingdom,K02000001,2021/2/5,16308,4013853
overview,United Kingdom,K02000001,2021/2/6,12320,4026173
overview,United Kingdom,K02000001,2021/2/7,11664,4037837
overview,United Kingdom,K02000001,2021/2/8,16193,4054030
overview,United Kingdom,K02000001,2021/2/9,14225,4068255
overview,United Kingdom,K02000001,2021/2/10,13899,4082154
overview,United Kingdom,K02000001,2021/2/11,13139,4095293
overview,United Kingdom,K02000001,2021/2/12,12573,4107866
overview,United Kingdom,K02000001,2021/2/13,9034,4116900
overview,United Kingdom,K02000001,2021/2/14,8994,4125894
overview,United Kingdom,K02000001,2021/2/15,14735,4140629
overview,United Kingdom,K02000001,2021/2/16,12941,4153570
overview,United Kingdom,K02000001,2021/2/17,11942,4165512
overview,United Kingdom,K02000001,2021/2/18,11794,4177306
overview,United Kingdom,K02000001,2021/2/19,10728,4188034
overview,United Kingdom,K02000001,2021/2/20,8312,4196346
overview,United Kingdom,K02000001,2021/2/21,8097,4204443
overview,United Kingdom,K02000001,2021/2/22,11655,4216098
overview,United Kingdom,K02000001,2021/2/23,9762,4225860
overview,United Kingdom,K02000001,2021/2/24,8845,4234705
overview,United Kingdom,K02000001,2021/2/25,8025,4242730
overview,United Kingdom,K02000001,2021/2/26,6783,4249513
overview,United Kingdom,K02000001,2021/2/27,4949,4254462
overview,United Kingdom,K02000001,2021/2/28,4873,4259335
overview,United Kingdom,K02000001,2021/3/1,7192,4266527
overview,United Kingdom,K02000001,2021/3/2,6919,4273446
overview,United Kingdom,K02000001,2021/3/3,6172,4279618
overview,United Kingdom,K02000001,2021/3/4,5937,4285555
overview,United Kingdom,K02000001,2021/3/5,5467,4291022
overview,United Kingdom,K02000001,2021/3/6,4628,4295650
overview,United Kingdom,K02000001,2021/3/7,4410,4300060
overview,United Kingdom,K02000001,2021/3/8,6890,4306950
overview,United Kingdom,K02000001,2021/3/9,6487,4313437
overview,United Kingdom,K02000001,2021/3/10,6251,4319688
overview,United Kingdom,K02000001,2021/3/11,5933,4325621
overview,United Kingdom,K02000001,2021/3/12,5716,4331337
overview,United Kingdom,K02000001,2021/3/13,4379,4335716
overview,United Kingdom,K02000001,2021/3/14,4425,4340141
overview,United Kingdom,K02000001,2021/3/15,6697,4346838
overview,United Kingdom,K02000001,2021/3/16,5849,4352687
overview,United Kingdom,K02000001,2021/3/17,5976,4358663
overview,United Kingdom,K02000001,2021/3/18,5623,4364286
overview,United Kingdom,K02000001,2021/3/19,5176,4369462
overview,United Kingdom,K02000001,2021/3/20,4246,4373708
overview,United Kingdom,K02000001,2021/3/21,5388,4379096
overview,United Kingdom,K02000001,2021/3/22,6458,4385554
overview,United Kingdom,K02000001,2021/3/23,5481,4391035
overview,United Kingdom,K02000001,2021/3/24,6222,4397257
overview,United Kingdom,K02000001,2021/3/25,5616,4402873
overview,United Kingdom,K02000001,2021/3/26,4567,4407440
overview,United Kingdom,K02000001,2021/3/27,3731,4411171
overview,United Kingdom,K02000001,2021/3/28,5029,4416200
overview,United Kingdom,K02000001,2021/3/29,4196,4420396
overview,United Kingdom,K02000001,2021/3/30,3779,4424175
overview,United Kingdom,K02000001,2021/3/31,3967,4428142
overview,United Kingdom,K02000001,2021/4/1,3674,4431816
overview,United Kingdom,K02000001,2021/4/2,2747,4434563
overview,United Kingdom,K02000001,2021/4/3,2506,4437069
overview,United Kingdom,K02000001,2021/4/4,2412,4439481
overview,United Kingdom,K02000001,2021/4/5,2744,4442225
overview,United Kingdom,K02000001,2021/4/6,3312,4445537
overview,United Kingdom,K02000001,2021/4/7,3253,4448790
overview,United Kingdom,K02000001,2021/4/8,3147,4451937
overview,United Kingdom,K02000001,2021/4/9,2952,4454889
overview,United Kingdom,K02000001,2021/4/10,2380,4457269
overview,United Kingdom,K02000001,2021/4/11,2376,4459645
overview,United Kingdom,K02000001,2021/4/12,2878,4462523
overview,United Kingdom,K02000001,2021/4/13,2495,4465018
overview,United Kingdom,K02000001,2021/4/14,2512,4467530
overview,United Kingdom,K02000001,2021/4/15,2344,4469874
overview,United Kingdom,K02000001,2021/4/16,2347,4472221
overview,United Kingdom,K02000001,2021/4/17,1721,4473942
overview,United Kingdom,K02000001,2021/4/18,2584,4476526
overview,United Kingdom,K02000001,2021/4/19,2738,4479264
overview,United Kingdom,K02000001,2021/4/20,2541,4481805
overview,United Kingdom,K02000001,2021/4/21,2709,4484514
overview,United Kingdom,K02000001,2021/4/22,2409,4486923
overview,United Kingdom,K02000001,2021/4/23,2020,4488943
overview,United Kingdom,K02000001,2021/4/24,1564,4490507
overview,United Kingdom,K02000001,2021/4/25,2119,4492626
overview,United Kingdom,K02000001,2021/4/26,2625,4495251
overview,United Kingdom,K02000001,2021/4/27,2178,4497429
overview,United Kingdom,K02000001,2021/4/28,2499,4499928
overview,United Kingdom,K02000001,2021/4/29,2230,4502158
overview,United Kingdom,K02000001,2021/4/30,1825,4503983
overview,United Kingdom,K02000001,2021/5/1,1431,4505414
overview,United Kingdom,K02000001,2021/5/2,1521,4506935
overview,United Kingdom,K02000001,2021/5/3,2084,4509019
overview,United Kingdom,K02000001,2021/5/4,2550,4511569
overview,United Kingdom,K02000001,2021/5/5,2568,4514137
overview,United Kingdom,K02000001,2021/5/6,2325,4516462
overview,United Kingdom,K02000001,2021/5/7,1981,4518443
overview,United Kingdom,K02000001,2021/5/8,1606,4520049
overview,United Kingdom,K02000001,2021/5/9,2307,4522356
overview,United Kingdom,K02000001,2021/5/10,2808,4525164
overview,United Kingdom,K02000001,2021/5/11,2328,4527492
overview,United Kingdom,K02000001,2021/5/12,2335,4529827
overview,United Kingdom,K02000001,2021/5/13,2182,4532009
overview,United Kingdom,K02000001,2021/5/14,1936,4533945
overview,United Kingdom,K02000001,2021/5/15,1626,4535571
overview,United Kingdom,K02000001,2021/5/16,1922,4537493
overview,United Kingdom,K02000001,2021/5/17,2858,4540351
overview,United Kingdom,K02000001,2021/5/18,2812,4543163
overview,United Kingdom,K02000001,2021/5/19,2812,4545975
overview,United Kingdom,K02000001,2021/5/20,2517,4548492
overview,United Kingdom,K02000001,2021/5/21,2365,4550857
overview,United Kingdom,K02000001,2021/5/22,2000,4552857
overview,United Kingdom,K02000001,2021/5/23,2326,4555183
overview,United Kingdom,K02000001,2021/5/24,3368,4558551
overview,United Kingdom,K02000001,2021/5/25,3427,4561978
overview,United Kingdom,K02000001,2021/5/26,3921,4565899
overview,United Kingdom,K02000001,2021/5/27,3747,4569646
overview,United Kingdom,K02000001,2021/5/28,3589,4573235
overview,United Kingdom,K02000001,2021/5/29,2999,4576234
overview,United Kingdom,K02000001,2021/5/30,3164,4579398
overview,United Kingdom,K02000001,2021/5/31,3897,4583295
overview,United Kingdom,K02000001,2021/6/1,5431,4588726
overview,United Kingdom,K02000001,2021/6/2,6168,4594894
overview,United Kingdom,K02000001,2021/6/3,6256,4601150
overview,United Kingdom,K02000001,2021/6/4,5859,4607009
overview,United Kingdom,K02000001,2021/6/5,4731,4611740
overview,United Kingdom,K02000001,2021/6/6,5533,4617273
overview,United Kingdom,K02000001,2021/6/7,7945,4625218
overview,United Kingdom,K02000001,2021/6/8,7896,4633114
overview,United Kingdom,K02000001,2021/6/9,8209,4641323
overview,United Kingdom,K02000001,2021/6/10,8042,4649365
overview,United Kingdom,K02000001,2021/6/11,7619,4656984
overview,United Kingdom,K02000001,2021/6/12,6284,4663268
overview,United Kingdom,K02000001,2021/6/13,7135,4670403
overview,United Kingdom,K02000001,2021/6/14,10362,4680765
overview,United Kingdom,K02000001,2021/6/15,10796,4691561
overview,United Kingdom,K02000001,2021/6/16,11051,4702612
overview,United Kingdom,K02000001,2021/6/17,11106,4713718
overview,United Kingdom,K02000001,2021/6/18,10320,4724038
overview,United Kingdom,K02000001,2021/6/19,8445,4732483
overview,United Kingdom,K02000001,2021/6/20,10087,4742570
overview,United Kingdom,K02000001,2021/6/21,16307,4758877
overview,United Kingdom,K02000001,2021/6/22,17403,4776280
overview,United Kingdom,K02000001,2021/6/23,18350,4794630
overview,United Kingdom,K02000001,2021/6/24,18712,4813342
overview,United Kingdom,K02000001,2021/6/25,18169,4831511
overview,United Kingdom,K02000001,2021/6/26,16300,4847811
overview,United Kingdom,K02000001,2021/6/27,18502,4866313
overview,United Kingdom,K02000001,2021/6/28,28418,4894731
overview,United Kingdom,K02000001,2021/6/29,28199,4922930
overview,United Kingdom,K02000001,2021/6/30,28922,4951852
overview,United Kingdom,K02000001,2021/7/1,28794,4980646
overview,United Kingdom,K02000001,2021/7/2,26340,5006986
overview,United Kingdom,K02000001,2021/7/3,24007,5030993
overview,United Kingdom,K02000001,2021/7/4,25155,5056148
overview,United Kingdom,K02000001,2021/7/5,34896,5091044
overview,United Kingdom,K02000001,2021/7/6,36041,5127085
overview,United Kingdom,K02000001,2021/7/7,38593,5165678
overview,United Kingdom,K02000001,2021/7/8,33999,5199677
overview,United Kingdom,K02000001,2021/7/9,32799,5232476
overview,United Kingdom,K02000001,2021/7/10,28373,5260849
overview,United Kingdom,K02000001,2021/7/11,30502,5291351
overview,United Kingdom,K02000001,2021/7/12,44505,5335856
overview,United Kingdom,K02000001,2021/7/13,47702,5383558
overview,United Kingdom,K02000001,2021/7/14,54908,5438466
overview,United Kingdom,K02000001,2021/7/15,61996,5500462
overview,United Kingdom,K02000001,2021/7/16,55262,5555724
overview,United Kingdom,K02000001,2021/7/17,38473,5594197
overview,United Kingdom,K02000001,2021/7/18,36180,5630377
overview,United Kingdom,K02000001,2021/7/19,47910,5678287
overview,United Kingdom,K02000001,2021/7/20,39869,5718156
overview,United Kingdom,K02000001,2021/7/21,35535,5753691
overview,United Kingdom,K02000001,2021/7/22,31274,5784965
overview,United Kingdom,K02000001,2021/7/23,27764,5812729
overview,United Kingdom,K02000001,2021/7/24,22848,5835577
overview,United Kingdom,K02000001,2021/7/25,22172,5857749
overview,United Kingdom,K02000001,2021/7/26,29977,5887726
overview,United Kingdom,K02000001,2021/7/27,29574,5917300
overview,United Kingdom,K02000001,2021/7/28,30235,5947535
overview,United Kingdom,K02000001,2021/7/29,28429,5975964
overview,United Kingdom,K02000001,2021/7/30,24745,6000709
overview,United Kingdom,K02000001,2021/7/31,20568,6021277
overview,United Kingdom,K02000001,2021/8/1,20899,6042176
overview,United Kingdom,K02000001,2021/8/2,29834,6072010
overview,United Kingdom,K02000001,2021/8/3,30445,6102455
overview,United Kingdom,K02000001,2021/8/4,32336,6134791
overview,United Kingdom,K02000001,2021/8/5,31661,6166452
overview,United Kingdom,K02000001,2021/8/6,28057,6194509
overview,United Kingdom,K02000001,2021/8/7,22567,6217076
overview,United Kingdom,K02000001,2021/8/8,22882,6239958
overview,United Kingdom,K02000001,2021/8/9,32158,6272116
overview,United Kingdom,K02000001,2021/8/10,31514,6303630
overview,United Kingdom,K02000001,2021/8/11,33346,6336976
overview,United Kingdom,K02000001,2021/8/12,31722,6368698
overview,United Kingdom,K02000001,2021/8/13,28968,6397666
overview,United Kingdom,K02000001,2021/8/14,25056,6422722
overview,United Kingdom,K02000001,2021/8/15,25322,6448044
overview,United Kingdom,K02000001,2021/8/16,36895,6484939
overview,United Kingdom,K02000001,2021/8/17,37909,6522848
overview,United Kingdom,K02000001,2021/8/18,38736,6561584
overview,United Kingdom,K02000001,2021/8/19,36483,6598067
overview,United Kingdom,K02000001,2021/8/20,32223,6630290
overview,United Kingdom,K02000001,2021/8/21,28515,6658805
overview,United Kingdom,K02000001,2021/8/22,28727,6687532
overview,United Kingdom,K02000001,2021/8/23,39709,6727241
overview,United Kingdom,K02000001,2021/8/24,37671,6764912
overview,United Kingdom,K02000001,2021/8/25,38768,6803680
overview,United Kingdom,K02000001,2021/8/26,37606,6841286
overview,United Kingdom,K02000001,2021/8/27,33734,6875020
overview,United Kingdom,K02000001,2021/8/28,27592,6902612
overview,United Kingdom,K02000001,2021/8/29,26131,6928743
overview,United Kingdom,K02000001,2021/8/30,34755,6963498
overview,United Kingdom,K02000001,2021/8/31,45204,7008702
overview,United Kingdom,K02000001,2021/9/1,43516,7052218
overview,United Kingdom,K02000001,2021/9/2,42310,7094528
overview,United Kingdom,K02000001,2021/9/3,38626,7133154
overview,United Kingdom,K02000001,2021/9/4,31803,7164957
overview,United Kingdom,K02000001,2021/9/5,31799,7196756
overview,United Kingdom,K02000001,2021/9/6,44915,7241671
overview,United Kingdom,K02000001,2021/9/7,38609,7280280
overview,United Kingdom,K02000001,2021/9/8,35839,7316119
overview,United Kingdom,K02000001,2021/9/9,33965,7350084
overview,United Kingdom,K02000001,2021/9/10,29173,7379257
overview,United Kingdom,K02000001,2021/9/11,23531,7402788
overview,United Kingdom,K02000001,2021/9/12,24053,7426841
overview,United Kingdom,K02000001,2021/9/13,34651,7461492
overview,United Kingdom,K02000001,2021/9/14,31417,7492909
overview,United Kingdom,K02000001,2021/9/15,30375,7523284
overview,United Kingdom,K02000001,2021/9/16,29548,7552832
overview,United Kingdom,K02000001,2021/9/17,29464,7582296
overview,United Kingdom,K02000001,2021/9/18,26639,7608935
overview,United Kingdom,K02000001,2021/9/19,31083,7640018
overview,United Kingdom,K02000001,2021/9/20,40756,7680774
overview,United Kingdom,K02000001,2021/9/21,38835,7719609
overview,United Kingdom,K02000001,2021/9/22,36749,7756358
overview,United Kingdom,K02000001,2021/9/23,35837,7792195
overview,United Kingdom,K02000001,2021/9/24,32096,7824291
overview,United Kingdom,K02000001,2021/9/25,28561,7852852
overview,United Kingdom,K02000001,2021/9/26,32064,7884916
overview,United Kingdom,K02000001,2021/9/27,41579,7926495
overview,United Kingdom,K02000001,2021/9/28,36541,7963036
overview,United Kingdom,K02000001,2021/9/29,34819,7997855
overview,United Kingdom,K02000001,2021/9/30,32587,8030442
overview,United Kingdom,K02000001,2021/10/1,29050,8059492
overview,United Kingdom,K02000001,2021/10/2,26309,8085801
overview,United Kingdom,K02000001,2021/10/3,32051,8117852
overview,United Kingdom,K02000001,2021/10/4,43727,8161579
overview,United Kingdom,K02000001,2021/10/5,39263,8200842
overview,United Kingdom,K02000001,2021/10/6,39255,8240097
overview,United Kingdom,K02000001,2021/10/7,38462,8278559
overview,United Kingdom,K02000001,2021/10/8,35597,8314156
overview,United Kingdom,K02000001,2021/10/9,32296,8346452
overview,United Kingdom,K02000001,2021/10/10,36406,8382858
overview,United Kingdom,K02000001,2021/10/11,50285,8433143
overview,United Kingdom,K02000001,2021/10/12,48299,8481442
overview,United Kingdom,K02000001,2021/10/13,47765,8529207
overview,United Kingdom,K02000001,2021/10/14,46412,8575619
overview,United Kingdom,K02000001,2021/10/15,43545,8619164
overview,United Kingdom,K02000001,2021/10/16,37872,8657036
overview,United Kingdom,K02000001,2021/10/17,43747,8700783
overview,United Kingdom,K02000001,2021/10/18,57728,8758511
overview,United Kingdom,K02000001,2021/10/19,52511,8811022
overview,United Kingdom,K02000001,2021/10/20,51650,8862672
overview,United Kingdom,K02000001,2021/10/21,45193,8907865
overview,United Kingdom,K02000001,2021/10/22,40658,8948523
overview,United Kingdom,K02000001,2021/10/23,35096,8983619
overview,United Kingdom,K02000001,2021/10/24,35757,9019376
overview,United Kingdom,K02000001,2021/10/25,47447,9066823
overview,United Kingdom,K02000001,2021/10/26,42109,9108932
overview,United Kingdom,K02000001,2021/10/27,43035,9151967
overview,United Kingdom,K02000001,2021/10/28,41374,9193341
overview,United Kingdom,K02000001,2021/10/29,40240,9233581
overview,United Kingdom,K02000001,2021/10/30,33556,9267137
overview,United Kingdom,K02000001,2021/10/31,34794,9301931
overview,United Kingdom,K02000001,2021/11/1,45102,9347033
overview,United Kingdom,K02000001,2021/11/2,38007,9385040
overview,United Kingdom,K02000001,2021/11/3,35972,9421012
overview,United Kingdom,K02000001,2021/11/4,33652,9454664
overview,United Kingdom,K02000001,2021/11/5,30313,9484977
overview,United Kingdom,K02000001,2021/11/6,27430,9512407
overview,United Kingdom,K02000001,2021/11/7,30582,9542989
overview,United Kingdom,K02000001,2021/11/8,44122,9587111
overview,United Kingdom,K02000001,2021/11/9,42237,9629348
overview,United Kingdom,K02000001,2021/11/10,42926,9672274
overview,United Kingdom,K02000001,2021/11/11,40986,9713260
overview,United Kingdom,K02000001,2021/11/12,37758,9751018
overview,United Kingdom,K02000001,2021/11/13,32879,9783897
overview,United Kingdom,K02000001,2021/11/14,35505,9819402
overview,United Kingdom,K02000001,2021/11/15,50946,9870348
overview,United Kingdom,K02000001,2021/11/16,46418,9916766
overview,United Kingdom,K02000001,2021/11/17,45888,9962654
overview,United Kingdom,K02000001,2021/11/18,44050,10006704
overview,United Kingdom,K02000001,2021/11/19,39589,10046293
overview,United Kingdom,K02000001,2021/11/20,35327,10081620
overview,United Kingdom,K02000001,2021/11/21,37245,10118865
overview,United Kingdom,K02000001,2021/11/22,50721,10169586
overview,United Kingdom,K02000001,2021/11/23,48182,10217768
overview,United Kingdom,K02000001,2021/11/24,46759,10264527
overview,United Kingdom,K02000001,2021/11/25,43409,10307936
overview,United Kingdom,K02000001,2021/11/26,39324,10347260
overview,United Kingdom,K02000001,2021/11/27,33290,10380550
overview,United Kingdom,K02000001,2021/11/28,39692,10420242
overview,United Kingdom,K02000001,2021/11/29,56283,10476525
overview,United Kingdom,K02000001,2021/11/30,55685,10532210
overview,United Kingdom,K02000001,2021/12/1,54809,10587019
overview,United Kingdom,K02000001,2021/12/2,50303,10637322
overview,United Kingdom,K02000001,2021/12/3,45659,10682981
overview,United Kingdom,K02000001,2021/12/4,38779,10721760
overview,United Kingdom,K02000001,2021/12/5,41014,10762774
overview,United Kingdom,K02000001,2021/12/6,59664,10822438
overview,United Kingdom,K02000001,2021/12/7,56228,10878666
overview,United Kingdom,K02000001,2021/12/8,58789,10937455
overview,United Kingdom,K02000001,2021/12/9,56978,10994433
overview,United Kingdom,K02000001,2021/12/10,52476,11046909
overview,United Kingdom,K02000001,2021/12/11,48590,11095499
overview,United Kingdom,K02000001,2021/12/12,53139,11148638
overview,United Kingdom,K02000001,2021/12/13,87151,11235789
overview,United Kingdom,K02000001,2021/12/14,102751,11338540
overview,United Kingdom,K02000001,2021/12/15,112672,11451212
overview,United Kingdom,K02000001,2021/12/16,106036,11557248
overview,United Kingdom,K02000001,2021/12/17,95866,11653114
overview,United Kingdom,K02000001,2021/12/18,88876,11741990
overview,United Kingdom,K02000001,2021/12/19,89125,11831115
overview,United Kingdom,K02000001,2021/12/20,133943,11965058
overview,United Kingdom,K02000001,2021/12/21,150268,12115326
overview,United Kingdom,K02000001,2021/12/22,161530,12276856
overview,United Kingdom,K02000001,2021/12/23,160619,12437475
overview,United Kingdom,K02000001,2021/12/24,137259,12574734
overview,United Kingdom,K02000001,2021/12/25,70355,12645089
overview,United Kingdom,K02000001,2021/12/26,116258,12761347
overview,United Kingdom,K02000001,2021/12/27,194967,12956314
overview,United Kingdom,K02000001,2021/12/28,212421,13168735
overview,United Kingdom,K02000001,2021/12/29,272743,13441478
overview,United Kingdom,K02000001,2021/12/30,236538,13678016
overview,United Kingdom,K02000001,2021/12/31,188510,13866526
overview,United Kingdom,K02000001,2022/1/1,118179,13984705
overview,United Kingdom,K02000001,2022/1/2,181018,14165723
overview,United Kingdom,K02000001,2022/1/3,229829,14395552
overview,United Kingdom,K02000001,2022/1/4,275599,14671151
overview,United Kingdom,K02000001,2022/1/5,222095,14893246
overview,United Kingdom,K02000001,2022/1/6,172875,15066121
overview,United Kingdom,K02000001,2022/1/7,120243,15186364
overview,United Kingdom,K02000001,2022/1/8,93555,15279919
overview,United Kingdom,K02000001,2022/1/9,95709,15375628
overview,United Kingdom,K02000001,2022/1/10,132674,15508302
overview,United Kingdom,K02000001,2022/1/11,115179,15623481
overview,United Kingdom,K02000001,2022/1/12,103141,15726622
overview,United Kingdom,K02000001,2022/1/13,96319,15822941
overview,United Kingdom,K02000001,2022/1/14,86240,15909181
overview,United Kingdom,K02000001,2022/1/15,77879,15987060
overview,United Kingdom,K02000001,2022/1/16,98003,16085063
overview,United Kingdom,K02000001,2022/1/17,131380,16216443
overview,United Kingdom,K02000001,2022/1/18,118670,16335113
overview,United Kingdom,K02000001,2022/1/19,111648,16446761
overview,United Kingdom,K02000001,2022/1/20,100224,16546985
overview,United Kingdom,K02000001,2022/1/21,91507,16638492
overview,United Kingdom,K02000001,2022/1/22,81645,16720137
overview,United Kingdom,K02000001,2022/1/23,102308,16822445
overview,United Kingdom,K02000001,2022/1/24,127241,16949686
overview,United Kingdom,K02000001,2022/1/25,113114,17062800
overview,United Kingdom,K02000001,2022/1/26,108633,17171433
overview,United Kingdom,K02000001,2022/1/27,96140,17267573
overview,United Kingdom,K02000001,2022/1/28,83986,17351559
overview,United Kingdom,K02000001,2022/1/29,73466,17425025
overview,United Kingdom,K02000001,2022/1/30,87514,17512539
overview,United Kingdom,K02000001,2022/1/31,104887,17617426
overview,United Kingdom,K02000001,2022/2/1,93728,17711154
overview,United Kingdom,K02000001,2022/2/2,88375,17799529
overview,United Kingdom,K02000001,2022/2/3,76568,17876097
overview,United Kingdom,K02000001,2022/2/4,63159,17939256
overview,United Kingdom,K02000001,2022/2/5,52271,17991527
overview,United Kingdom,K02000001,2022/2/6,60516,18052043
overview,United Kingdom,K02000001,2022/2/7,76442,18128485
overview,United Kingdom,K02000001,2022/2/8,69603,18198088
overview,United Kingdom,K02000001,2022/2/9,64268,18262356
overview,United Kingdom,K02000001,2022/2/10,52248,18314604
overview,United Kingdom,K02000001,2022/2/11,44516,18359120
overview,United Kingdom,K02000001,2022/2/12,37401,18396521
overview,United Kingdom,K02000001,2022/2/13,41722,18438243
overview,United Kingdom,K02000001,2022/2/14,54662,18492905
overview,United Kingdom,K02000001,2022/2/15,52444,18545349
overview,United Kingdom,K02000001,2022/2/16,51513,18596862
overview,United Kingdom,K02000001,2022/2/17,44667,18641529
overview,United Kingdom,K02000001,2022/2/18,33214,18674743
overview,United Kingdom,K02000001,2022/2/19,34639,18709382
overview,United Kingdom,K02000001,2022/2/20,37665,18747047
overview,United Kingdom,K02000001,2022/2/21,45087,18792134
overview,United Kingdom,K02000001,2022/2/22,39114,18831248
overview,United Kingdom,K02000001,2022/2/23,36439,18867687
overview,United Kingdom,K02000001,2022/2/24,30584,18898271
overview,United Kingdom,K02000001,2022/2/25,27799,18926070
overview,United Kingdom,K02000001,2022/2/26,25054,18951124
overview,United Kingdom,K02000001,2022/2/27,31335,18982459
overview,United Kingdom,K02000001,2022/2/28,44593,19027052
overview,United Kingdom,K02000001,2022/3/1,44729,19071781
overview,United Kingdom,K02000001,2022/3/2,46129,19117910
overview,United Kingdom,K02000001,2022/3/3,43700,19161610
overview,United Kingdom,K02000001,2022/3/4,41352,19202962
overview,United Kingdom,K02000001,2022/3/5,38714,19241676
overview,United Kingdom,K02000001,2022/3/6,48976,19290652
overview,United Kingdom,K02000001,2022/3/7,68455,19359107
overview,United Kingdom,K02000001,2022/3/8,70011,19429118
overview,United Kingdom,K02000001,2022/3/9,73426,19502544
overview,United Kingdom,K02000001,2022/3/10,70414,19572958
overview,United Kingdom,K02000001,2022/3/11,66949,19639907
overview,United Kingdom,K02000001,2022/3/12,61984,19701891
overview,United Kingdom,K02000001,2022/3/13,75634,19777525
overview,United Kingdom,K02000001,2022/3/14,99717,19877242
overview,United Kingdom,K02000001,2022/3/15,93504,19970746
overview,United Kingdom,K02000001,2022/3/16,91480,20062226
overview,United Kingdom,K02000001,2022/3/17,82748,20144974
overview,United Kingdom,K02000001,2022/3/18,75213,20220187
overview,United Kingdom,K02000001,2022/3/19,67341,20287528
overview,United Kingdom,K02000001,2022/3/20,80989,20368517
overview,United Kingdom,K02000001,2022/3/21,109212,20477729
overview,United Kingdom,K02000001,2022/3/22,98981,20576710
overview,United Kingdom,K02000001,2022/3/23,94066,20670776
overview,United Kingdom,K02000001,2022/3/24,82786,20753562
overview,United Kingdom,K02000001,2022/3/25,72380,20825942
overview,United Kingdom,K02000001,2022/3/26,61410,20887352
overview,United Kingdom,K02000001,2022/3/27,68275,20955627
overview,United Kingdom,K02000001,2022/3/28,92686,21048313
overview,United Kingdom,K02000001,2022/3/29,79997,21128310
overview,United Kingdom,K02000001,2022/3/30,73524,21201834
overview,United Kingdom,K02000001,2022/3/31,54645,21256479
overview,United Kingdom,K02000001,2022/4/1,47358,21303837
overview,United Kingdom,K02000001,2022/4/2,37505,21341342
overview,United Kingdom,K02000001,2022/4/3,42038,21383380
overview,United Kingdom,K02000001,2022/4/4,53516,21436896
overview,United Kingdom,K02000001,2022/4/5,48841,21485737
overview,United Kingdom,K02000001,2022/4/6,44449,21530186
overview,United Kingdom,K02000001,2022/4/7,38353,21568539
overview,United Kingdom,K02000001,2022/4/8,32370,21600909
overview,United Kingdom,K02000001,2022/4/9,27409,21628318
overview,United Kingdom,K02000001,2022/4/10,30266,21658584
overview,United Kingdom,K02000001,2022/4/11,34687,21693271
overview,United Kingdom,K02000001,2022/4/12,21845,21715116
